index,date,round,game_count,game_goal,cur_game_count,win_odds,lose_odds,track_E,cc,part_people,rank,prefix_rank,odds_result,significant,RESULT,track_E_encoded,odds_result_SU,odds_result_UD
0,20220204,1,3,15,1,4.71,1.27,Mount Wario,150,10,10,10,SU,,False,41,1,0
1,20220204,1,3,15,2,4.71,1.27,Dragon Driftway,150,12,7,17,SU,,False,20,1,0
2,20220204,2,3,15,1,7.04,1.17,Mount Wario,150,11,2,2,UD,,True,41,0,1
3,20220204,2,3,15,2,7.04,1.17,3DS DK Jungle,150,11,5,7,UD,,True,0,0,1
4,20220204,2,3,15,3,7.04,1.17,DS Wario Stardium,150,12,5,12,UD,,True,18,0,1
5,20220204,3,3,15,1,1.95,2.05,GBA Ribbon Road,150,12,3,3,SU,,True,26,1,0
6,20220204,3,3,15,2,1.95,2.05,3DS Neo Bowser City,150,11,5,8,SU,,True,2,1,0
7,20220204,3,3,15,3,1.95,2.05,N64 Yoshi Valley,150,11,7,15,SU,,True,48,1,0
8,20220204,4,3,15,1,2.37,1.73,Toad Harbor,150,12,2,2,UD,,True,61,0,1
9,20220204,4,3,15,2,2.37,1.73,Cloudtop Cruise,150,12,5,7,UD,,True,11,0,1
10,20220204,4,3,15,3,2.37,1.73,Mario Kart Stadium,150,12,2,9,UD,,True,40,0,1
11,20220204,5,3,12,1,4.09,1.32,Cloudtop Cruise,150,12,8,8,SU,,False,11,1,0
12,20220204,5,3,12,2,4.09,1.32,Super Bell Subway,150,12,8,16,SU,,False,58,1,0
13,20220204,6,3,15,1,2.46,1.68,N64 Rainbow Road,150,11,6,6,SU,,False,45,1,0
14,20220204,6,3,15,2,2.46,1.68,Toad Harbor,150,12,6,12,SU,,False,61,1,0
15,20220204,6,3,15,3,2.46,1.68,N64 Yoshi Valley,150,12,9,21,SU,,False,48,1,0
18,20220204,8,3,15,1,3.22,1.45,N64 Royal Raceway,150,12,5,5,SU,,False,46,1,0
19,20220204,8,3,15,2,3.22,1.45,Mario Circuit,150,12,5,10,SU,,False,39,1,0
20,20220204,8,3,15,3,3.22,1.45,Dragon Driftway,150,12,7,17,SU,,False,20,1,0
21,20220204,9,3,15,1,3.61,1.38,Bone Dry Dunes,150,12,3,3,SU,,False,9,1,0
22,20220204,9,3,15,2,3.61,1.38,Mario Circuit,150,12,5,8,SU,,False,39,1,0
23,20220204,9,3,15,3,3.61,1.38,Animal Crossing,150,12,9,17,SU,,False,7,1,0
24,20220204,10,3,15,1,6.11,1.2,3DS Neo Bowser City,150,12,11,11,SU,,False,2,1,0
25,20220204,10,3,15,2,6.11,1.2,GC Yoshi's Circuit,150,12,6,17,SU,,False,36,1,0
26,20220204,11,3,15,1,7.45,1.16,DS Cheep Cheep Beach,150,12,10,10,SU,,False,12,1,0
27,20220204,11,3,15,2,7.45,1.16,DS Wario Stardium,150,12,9,19,SU,,False,18,1,0
28,20220204,12,3,15,1,6.29,1.19,Bowser's Castle,150,12,11,11,SU,,False,10,1,0
29,20220204,12,3,15,2,6.29,1.19,Sweet Sweet Canyon,150,12,3,14,SU,,False,59,1,0
30,20220204,12,3,15,3,6.29,1.19,Big Blue,150,12,12,26,SU,,False,8,1,0
31,20220204,13,3,15,1,5.42,1.23,GBA Ribbon Road,150,12,12,12,SU,,False,26,1,0
32,20220204,13,3,15,2,5.45,1.23,GC Baby Park,150,11,11,23,SU,,False,31,1,0
33,20220204,14,3,15,1,12.1,1.09,DS Tick Tock Clock,150,12,5,5,SU,,False,16,1,0
34,20220204,14,3,15,2,12.1,1.09,GC Baby Park,150,12,8,13,SU,,False,31,1,0
35,20220204,14,3,15,3,12.1,1.09,DS Cheep Cheep Beach,150,12,12,25,SU,,False,12,1,0
36,20220204,15,3,15,1,4.31,1.3,Animal Crossing,150,12,5,5,SU,,False,7,1,0
37,20220204,15,3,15,2,4.31,1.3,DS Tick Tock Clock,150,12,6,11,SU,,False,16,1,0
38,20220204,15,3,15,3,4.31,1.3,GBA Cheese Land,150,12,5,16,SU,,False,24,1,0
39,20220204,16,3,12,1,7.9,1.14,Wild Woods,150,12,2,2,SU,,False,89,1,0
40,20220204,16,3,12,2,7.9,1.14,Toad Harbor,150,12,8,10,SU,,False,61,1,0
41,20220204,16,3,12,3,7.9,1.14,Mount Wario,150,12,8,18,SU,,False,41,1,0
42,20220204,17,1,3,1,11.07,1.1,Thwomp Ruins,200,12,5,5,SU,,False,60,1,0
43,20220204,18,3,12,1,17.84,1.06,Rainbow Road,150,12,6,6,SU,,False,49,1,0
44,20220204,18,3,12,2,17.84,1.06,Excitebike Arena,150,11,9,15,SU,,False,22,1,0
45,20220204,19,3,15,1,8.98,1.13,Animal Crossing,150,11,5,5,SU,,False,7,1,0
46,20220204,19,3,15,2,8.98,1.13,Rainbow Road,150,11,9,14,SU,,False,49,1,0
47,20220204,19,3,15,3,8.98,1.13,N64 Yoshi Valley,150,12,8,22,SU,,False,48,1,0
48,20220204,20,3,15,1,3.3,1.43,Animal Crossing,150,12,3,3,SU,,True,7,1,0
49,20220204,20,3,15,2,3.3,1.43,Wii Moo Moo Meadows,150,12,3,6,SU,,True,85,1,0
50,20220204,20,3,15,3,3.3,1.43,3DS Piranha Plant Slide,150,6,1,7,SU,,True,3,1,0
51,20220204,21,3,15,1,1.53,2.89,GBA Mario Circuit,150,7,6,6,UD,,False,25,0,1
52,20220204,21,3,15,2,1.53,2.89,Wii Wario's Gold Mine,150,12,6,12,UD,,False,88,0,1
53,20220204,21,3,15,3,1.53,2.89,Dragon Driftway,150,11,4,16,UD,,False,20,0,1
54,20220204,22,3,12,1,7.49,1.15,N64 Yoshi Valley,150,12,8,8,SU,,False,48,1,0
55,20220204,22,3,12,2,7.49,1.15,Rainbow Road,150,11,8,16,SU,,False,49,1,0
56,20220204,23,1,3,1,3.63,1.38,GC Baby Park,150,12,6,6,SU,,False,31,1,0
57,20220526,1,3,20,1,2.61,1.62,Mute City,150,9,2,2,UD,,True,42,0,1
58,20220526,1,3,20,2,2.61,1.62,SFC Dount Plains 3,150,12,5,7,UD,,True,51,0,1
59,20220526,2,3,18,1,1.87,2.15,Cloudtop Cruise,150,11,8,8,UD,,False,11,0,1
60,20220526,2,3,18,2,1.87,2.15,Wild Woods,150,12,12,20,UD,,False,89,0,1
61,20220526,3,3,20,1,1.77,2.31,Super Bell Subway,150,9,8,8,SU,,True,58,1,0
62,20220526,3,3,20,2,1.77,2.31,3DS DK Jungle,150,6,5,13,SU,,True,0,1,0
63,20220526,3,3,20,3,1.77,2.31,GBA Sky Garden,150,8,4,17,SU,,True,28,1,0
64,20220526,4,3,20,1,2.07,1.93,Sweet Sweet Canyon,150,10,5,5,UD,,True,59,0,1
65,20220526,4,3,20,2,2.07,1.93,Excitebike Arena,150,12,4,9,UD,,True,22,0,1
66,20220526,4,3,20,3,2.07,1.93,Tour Tokyo Blur,150,12,4,13,UD,,True,76,0,1
67,20220526,5,3,15,1,4.73,1.27,Mount Wario,150,12,7,7,SU,,False,41,1,0
68,20220526,5,3,15,2,4.73,1.27,Cloudtop Cruise,150,11,2,9,SU,,False,11,1,0
69,20220526,5,3,15,3,4.73,1.27,Tour Ninja Hideway,150,12,11,20,SU,,False,71,1,0
70,20220526,6,3,15,1,3.38,1.42,Mount Wario,150,11,6,6,SU,,False,41,1,0
71,20220526,6,3,15,2,3.38,1.42,Toad Harbor,150,10,3,9,SU,,False,61,1,0
72,20220526,6,3,15,3,3.38,1.42,Mario Kart Stadium,150,12,9,18,SU,,False,40,1,0
73,20220526,7,3,15,1,3.12,1.47,Mute City,150,12,4,4,SU,,False,42,1,0
74,20220526,7,3,15,2,3.12,1.47,GC Yoshi's Circuit,150,12,7,11,SU,,False,36,1,0
75,20220526,7,3,15,3,3.12,1.47,Wild Woods,150,10,6,17,SU,,False,89,1,0
81,20220722,1,3,15,1,5.48,1.22,Mario Kart Stadium,150,11,7,7,SU,,False,40,1,0
82,20220722,1,3,15,2,5.48,1.22,Thwomp Ruins,150,12,5,12,SU,,False,60,1,0
83,20220722,1,3,15,3,5.48,1.22,3DS Piranha Plant Slide,150,12,8,20,SU,,False,3,1,0
86,20220722,3,3,15,1,2.51,1.66,Rainbow Road,150,11,3,3,SU,,False,49,1,0
87,20220722,3,3,15,2,2.51,1.66,N64 Rainbow Road,150,12,7,10,SU,,False,45,1,0
88,20220722,3,3,15,3,2.51,1.66,3DS DK Jungle,150,11,8,18,SU,,False,0,1,0
89,20220722,4,3,15,1,2.3,1.77,Super Bell Subway,150,10,1,1,UD,,True,58,0,1
90,20220722,4,3,15,2,2.3,1.77,N64 Royal Raceway,150,12,6,7,UD,,True,46,0,1
91,20220722,4,3,15,3,2.3,1.77,Wii Wario's Gold Mine,150,10,2,9,UD,,True,88,0,1
92,20220722,5,3,15,1,2.51,1.66,Ice Ice Outpost,150,12,6,6,SU,,False,38,1,0
93,20220722,5,3,15,2,2.51,1.66,Sunshine Airport,150,12,8,14,SU,,False,57,1,0
94,20220722,5,3,15,3,2.51,1.66,GC Yoshi's Circuit,150,12,7,21,SU,,False,36,1,0
95,20220722,6,3,15,1,3.25,1.45,Animal Crossing,150,12,10,10,SU,,False,7,1,0
96,20220722,6,3,15,2,3.25,1.45,Sunshine Airport,150,12,6,16,SU,,False,57,1,0
97,20220722,7,3,15,1,4.1,1.32,N64 Royal Raceway,150,12,3,3,UD,,True,46,0,1
98,20220722,7,3,15,2,4.1,1.32,Wii Coconut Mall,150,10,8,11,UD,,True,80,0,1
99,20220722,7,3,15,3,4.1,1.32,GC Yoshi's Circuit,150,12,4,15,UD,,True,36,0,1
100,20220722,8,3,15,1,2.86,1.54,Hyrule Circuit,150,12,10,10,SU,,False,37,1,0
101,20220722,8,3,15,2,2.86,1.54,Dragon Driftway,150,11,9,19,SU,,False,20,1,0
102,20220722,9,3,15,1,3.03,1.49,Tour Ninja Hideway,150,12,7,7,SU,,False,71,1,0
103,20220722,9,3,15,2,3.03,1.49,SFC Dount Plains 3,150,12,1,8,SU,,False,51,1,0
104,20220722,10,3,15,1,4.0,1.33,GBA Sky Garden,150,12,6,6,SU,,False,28,1,0
105,20220722,10,3,15,2,4.0,1.33,N64 Rainbow Road,150,12,10,16,SU,,False,45,1,0
106,20220722,11,3,15,1,4.3,1.3,3DS Neo Bowser City,150,12,5,5,SU,,False,2,1,0
107,20220722,11,3,15,2,4.3,1.3,GBA Cheese Land,200,11,6,11,SU,,False,24,1,0
108,20220722,11,3,15,3,4.3,1.3,Wild Woods,150,12,7,18,SU,,False,89,1,0
109,20220722,12,3,15,1,3.24,1.45,Dolphin Shoals,150,12,11,11,SU,,False,19,1,0
110,20220722,12,3,15,2,3.24,1.45,Excitebike Arena,150,11,6,17,SU,,False,22,1,0
111,20220722,13,3,15,1,4.29,1.3,Rainbow Road,150,12,6,6,UD,,True,49,0,1
112,20220722,13,3,15,2,4.29,1.3,GBA Ribbon Road,150,9,3,9,UD,,True,26,0,1
113,20220722,13,3,15,3,4.29,1.3,GBA Mario Circuit,150,10,4,13,UD,,True,25,0,1
114,20220722,14,3,10,1,8.99,1.13,Wild Woods,150,11,6,6,SU,,False,89,1,0
115,20220722,14,3,10,2,8.99,1.13,Bone Dry Dunes,150,8,2,8,SU,,False,9,1,0
116,20220722,14,3,10,3,8.99,1.13,GC Sherbet Land,150,7,5,13,SU,,False,34,1,0
117,20220722,15,3,10,1,7.32,1.16,Super Bell Subway,150,12,5,5,SU,,False,58,1,0
118,20220722,15,3,10,2,7.32,1.16,GBA Sky Garden,150,12,8,13,SU,,False,28,1,0
119,20220722,16,3,10,1,8.11,1.14,3DS Toad Circuit,150,11,1,1,UD,,True,6,0,1
120,20220722,16,3,10,2,8.11,1.14,N64 Yoshi Valley,150,11,5,6,UD,,True,48,0,1
121,20220722,16,3,10,3,8.11,1.14,Wii Grumble Volcano,200,12,4,10,UD,,True,82,0,1
122,20220805,1,3,15,1,5.07,1.25,Tour Sydney Sprint,150,12,11,11,SU,,False,75,1,0
123,20220805,1,3,15,2,5.07,1.25,Tour New York Minute,150,12,1,12,SU,,False,70,1,0
124,20220805,1,3,15,3,5.07,1.25,GBA Snow Land,150,12,11,23,SU,,False,29,1,0
125,20220805,2,3,15,1,4.51,1.28,DS Walluigi Pinball,150,12,7,7,SU,,False,17,1,0
126,20220805,2,3,15,2,4.51,1.28,N64 Kalimari Desert,150,10,9,16,SU,,False,44,1,0
127,20220805,3,3,15,1,1.43,3.34,Twisted Mansion,150,4,2,2,SU,,True,78,1,0
128,20220805,3,3,15,2,1.43,3.34,Tour Sydney Sprint,150,7,6,8,SU,,True,75,1,0
129,20220805,3,3,15,3,1.43,3.34,N64 Rainbow Road,150,10,7,15,SU,,True,45,1,0
130,20220805,4,3,15,1,3.88,1.35,Tour New York Minute,150,9,5,5,SU,,False,70,1,0
131,20220805,4,3,15,2,3.88,1.35,3DS Neo Bowser City,150,12,5,10,SU,,False,2,1,0
132,20220805,4,3,15,3,3.88,1.35,DS Walluigi Pinball,150,10,6,16,SU,,False,17,1,0
133,20220805,5,3,15,1,3.58,1.39,Tour Tokyo Blur,150,12,3,3,SU,,False,76,1,0
134,20220805,5,3,15,2,3.58,1.39,SFC Mario Circuit 3,150,11,9,12,SU,,False,52,1,0
135,20220805,5,3,15,3,3.58,1.39,Dragon Driftway,150,12,4,16,SU,,False,20,1,0
136,20220805,6,3,15,1,3.88,1.35,N64 Kalimari Desert,150,12,1,1,UD,,True,44,0,1
137,20220805,6,3,15,2,3.88,1.35,3DS DK Jungle,150,11,1,2,UD,,True,0,0,1
138,20220805,7,3,15,1,3.54,1.39,Wii Mushroom Gorge,150,12,9,9,SU,,False,86,1,0
139,20220805,7,3,15,2,3.54,1.39,DS Walluigi Pinball,150,12,5,14,SU,,False,17,1,0
140,20220805,7,3,15,3,3.54,1.39,Sky-High Sundae,150,12,8,22,SU,,False,55,1,0
141,20220805,8,3,15,1,2.16,1.86,N64 Royal Raceway,150,4,2,2,UD,,True,46,0,1
142,20220805,8,3,15,2,2.16,1.86,DS Walluigi Pinball,150,6,4,6,UD,,True,17,0,1
143,20220805,8,3,15,3,2.16,1.86,Wii Moo Moo Meadows,150,6,3,9,UD,,True,85,0,1
144,20220805,9,3,15,1,1.86,2.16,GC Yoshi's Circuit,150,9,3,3,UD,,False,36,0,1
145,20220805,9,3,15,2,1.86,2.16,Wii Wario's Gold Mine,150,11,10,13,UD,,False,88,0,1
146,20220805,9,3,15,3,1.86,2.16,N64 Rainbow Road,150,12,6,19,UD,,False,45,0,1
147,20220805,10,3,15,1,3.48,1.4,SFC Mario Circuit 3,150,10,8,8,SU,,False,52,1,0
148,20220805,10,3,15,2,3.48,1.4,GBA Snow Land,150,12,8,16,SU,,False,29,1,0
149,20220805,11,3,15,1,4.56,1.28,Excitebike Arena,150,11,1,1,UD,,True,22,0,1
150,20220805,11,3,15,2,4.56,1.28,Tour Sydney Sprint,150,12,6,7,UD,,True,75,0,1
151,20220805,11,3,15,3,4.56,1.28,Rainbow Road,150,11,7,14,UD,,True,49,0,1
152,20220805,12,3,15,1,3.64,1.38,Tour New York Minute,150,12,1,1,SU,,False,70,1,0
153,20220805,12,3,15,2,3.64,1.38,DS Cheep Cheep Beach,150,12,11,12,SU,,False,12,1,0
154,20220805,12,3,15,3,3.64,1.38,N64 Yoshi Valley,150,12,12,24,SU,,False,48,1,0
155,20220805,13,3,15,1,4.66,1.27,Wii Mushroom Gorge,150,12,4,4,UD,,True,86,0,1
156,20220805,13,3,15,2,4.66,1.27,SFC Mario Circuit 3,150,11,1,5,UD,,True,52,0,1
157,20220805,13,3,15,3,4.66,1.27,Ice Ice Outpost,150,12,5,10,UD,,True,38,0,1
158,20220805,14,3,10,1,6.84,1.17,N64 Royal Raceway,150,12,10,10,SU,,False,46,1,0
159,20220805,15,3,10,1,7.42,1.16,Tour Sydney Sprint,200,12,8,8,SU,,False,75,1,0
160,20220805,15,3,10,2,7.42,1.16,Shy Guy Falls,150,12,10,18,SU,,False,54,1,0
161,20220805,16,3,15,1,3.96,1.34,Tour Paris Promenade,150,12,7,7,SU,,False,72,1,0
162,20220805,16,3,15,2,3.96,1.34,Wii Mushroom Gorge,150,12,6,13,SU,,False,86,1,0
163,20220805,16,3,15,3,3.96,1.34,Mount Wario,150,12,6,19,SU,,False,41,1,0
164,20220805,17,3,15,1,3.36,1.42,3DS Piranha Plant Slide,150,12,3,3,UD,,True,3,0,1
165,20220805,17,3,15,2,3.36,1.42,DS Wario Stardium,150,12,9,12,UD,,True,18,0,1
166,20220805,17,3,15,3,3.36,1.42,Excitebike Arena,150,12,2,14,UD,,True,22,0,1
167,20221013,1,3,20,1,2.56,1.64,Ice Ice Outpost,200,11,8,8,UD,,True,38,0,1
168,20221013,1,3,20,2,2.56,1.64,Tour Tokyo Blur,150,11,9,17,UD,,True,76,0,1
169,20221013,1,3,20,3,2.56,1.64,Mario Circuit,150,11,2,19,UD,,True,39,0,1
170,20221013,2,3,20,1,2.33,1.75,Super Bell Subway,150,12,12,12,SU,,False,58,1,0
171,20221013,2,3,20,2,2.33,1.75,DS Tick Tock Clock,150,12,7,19,SU,,False,16,1,0
172,20221013,2,3,20,3,2.33,1.75,DS Walluigi Pinball,150,11,3,22,SU,,False,17,1,0
173,20221013,3,3,20,1,1.85,2.18,3DS Piranha Plant Slide,150,12,6,6,UD,,False,3,0,1
174,20221013,3,3,20,2,1.85,2.18,Electrodrome,150,10,10,16,UD,,False,21,0,1
175,20221013,3,3,20,3,1.85,2.18,3DS Neo Bowser City,150,12,8,24,UD,,False,2,0,1
176,20221013,4,3,20,1,2.74,1.57,Sky-High Sundae,150,11,5,5,SU,,False,55,1,0
177,20221013,4,3,20,2,2.74,1.57,DS Walluigi Pinball,150,12,10,15,SU,,False,17,1,0
178,20221013,4,3,20,3,2.74,1.57,Tour Ninja Hideway,150,12,10,25,SU,,False,71,1,0
179,20221013,5,3,20,1,2.53,1.65,Wii Mushroom Gorge,150,12,11,11,SU,,False,86,1,0
180,20221013,5,3,20,2,2.53,1.65,N64 Royal Raceway,150,12,12,23,SU,,False,46,1,0
181,20221013,6,3,20,1,2.73,1.58,Excitebike Arena,150,11,1,1,UD,,True,22,0,1
182,20221013,6,3,20,2,2.73,1.58,N64 Rainbow Road,150,12,9,10,UD,,True,45,0,1
183,20221013,6,3,20,3,2.73,1.58,Sky-High Sundae,200,12,10,20,UD,,True,55,0,1
184,20221013,7,3,20,1,2.48,1.67,GC Sherbet Land,150,9,9,9,UD,,True,34,0,1
185,20221013,7,3,20,2,2.48,1.67,Mario Kart Stadium,150,11,7,16,UD,,True,40,0,1
186,20221013,7,3,20,3,2.48,1.67,Tour Paris Promenade,150,9,1,17,UD,,True,72,0,1
187,20221013,8,3,20,1,1.9,2.11,N64 Yoshi Valley,150,11,10,10,SU,,True,48,1,0
188,20221013,8,3,20,2,1.9,2.11,N64 Kalimari Desert,150,11,7,17,SU,,True,44,1,0
189,20221013,8,3,20,3,1.9,2.11,Wii Coconut Mall,150,8,3,20,SU,,True,80,1,0
190,20221013,9,3,20,1,2.28,1.78,Big Blue,150,12,12,12,SU,,False,8,1,0
191,20221013,9,3,20,2,2.28,1.78,Toad Harbor,150,12,2,14,SU,,False,61,1,0
192,20221013,9,3,20,3,2.28,1.78,Sky-High Sundae,150,12,11,25,SU,,False,55,1,0
193,20221013,10,3,15,1,4.66,1.27,N64 Rainbow Road,150,12,3,3,UD,,True,45,0,1
194,20221013,10,3,15,2,4.66,1.27,GC Sherbet Land,150,12,10,13,UD,,True,34,0,1
195,20221013,10,3,15,3,4.66,1.27,Excitebike Arena,150,12,2,15,UD,,True,22,0,1
196,20221013,11,3,15,1,3.24,1.45,Thwomp Ruins,150,12,3,3,SU,,False,60,1,0
197,20221013,11,3,15,2,3.24,1.45,Excitebike Arena,150,12,10,13,SU,,False,22,1,0
198,20221013,11,3,15,3,3.24,1.45,DS Walluigi Pinball,150,11,3,16,SU,,False,17,1,0
199,20221013,12,3,15,1,3.69,1.37,Excitebike Arena,150,12,1,1,UD,,True,22,0,1
200,20221013,12,3,15,2,3.69,1.37,Wii Moo Moo Meadows,150,11,3,4,UD,,True,85,0,1
201,20221013,12,3,15,3,3.69,1.37,GBA Snow Land,150,11,3,7,UD,,True,29,0,1
202,20221013,13,3,10,1,9.91,1.11,GBA Ribbon Road,150,12,4,4,SU,,False,26,1,0
203,20221013,13,3,10,2,9.91,1.11,Rainbow Road,150,12,6,10,SU,,False,49,1,0
204,20221013,14,3,15,1,2.88,1.53,Sweet Sweet Canyon,200,12,12,12,SU,,False,59,1,0
205,20221013,14,3,15,2,2.88,1.53,Tour New York Minute,150,12,4,16,SU,,False,70,1,0
206,20221013,15,3,10,1,6.19,1.19,3DS Toad Circuit,150,11,5,5,SU,,False,6,1,0
207,20221013,15,3,10,2,6.19,1.19,3DS Neo Bowser City,150,12,8,13,SU,,False,2,1,0
208,20221013,16,3,12,1,6.06,1.2,N64 Rainbow Road,150,11,7,7,SU,,False,45,1,0
209,20221013,16,3,12,2,6.06,1.2,Mute City,150,11,6,13,SU,,False,42,1,0
210,20221013,17,3,15,1,2.85,1.54,DS Wario Stardium,150,12,12,12,SU,,False,18,1,0
211,20221013,17,3,15,2,2.85,1.54,GBA Cheese Land,150,12,2,14,SU,,False,24,1,0
212,20221013,17,3,15,3,2.85,1.54,Mario Kart Stadium,150,12,2,16,SU,,False,40,1,0
213,20221013,18,3,10,1,5.75,1.21,Bone Dry Dunes,150,12,6,6,SU,,False,9,1,0
214,20221013,18,3,10,2,5.75,1.21,Tour Tokyo Blur,150,11,2,8,SU,,False,76,1,0
215,20221013,18,3,10,3,5.75,1.21,SFC Raindow Road,150,12,11,19,SU,,False,53,1,0
216,20221013,19,3,12,1,5.19,1.24,Dragon Driftway,150,12,3,3,UD,,True,20,0,1
217,20221013,19,3,12,2,5.19,1.24,Mario Circuit,150,11,5,8,UD,,True,39,0,1
218,20221013,19,3,12,3,5.19,1.24,Tour Sydney Sprint,200,12,4,12,UD,,True,75,0,1
219,20221130,1,3,20,1,2.34,1.75,SFC Raindow Road,150,11,4,4,UD,,True,53,0,1
220,20221130,1,3,20,2,2.34,1.75,Sweet Sweet Canyon,150,9,4,8,UD,,True,59,0,1
221,20221130,2,3,15,1,3.92,1.34,Mute City,150,12,4,4,SU,,False,42,1,0
222,20221130,2,3,15,2,3.92,1.34,SFC Mario Circuit 3,150,12,8,12,SU,,False,52,1,0
223,20221130,2,3,15,3,3.92,1.34,Tour Tokyo Blur,150,12,12,24,SU,,False,76,1,0
224,20221130,3,3,15,1,3.84,1.35,Hyrule Circuit,150,12,2,2,UD,,True,37,0,1
225,20221130,3,3,15,2,3.84,1.35,SFC Mario Circuit 3,150,10,2,4,UD,,True,52,0,1
226,20221130,3,3,15,3,3.84,1.35,DS Wario Stardium,150,12,3,7,UD,,True,18,0,1
227,20221130,4,3,10,1,8.37,1.14,N64 Royal Raceway,150,11,10,10,SU,,False,46,1,0
228,20221130,5,3,10,1,8.17,1.14,Rainbow Road,150,11,2,2,SU,,False,49,1,0
229,20221130,5,3,10,2,8.17,1.14,Wii Mushroom Gorge,150,11,5,7,SU,,False,86,1,0
230,20221130,5,3,10,3,8.17,1.14,Wii Coconut Mall,150,11,5,12,SU,,False,80,1,0
231,20221130,6,3,12,1,4.04,1.33,DS Shroom Ridge,200,10,4,4,SU,,False,15,1,0
232,20221130,6,3,12,2,4.04,1.33,3DS Music Park,150,9,4,8,SU,,False,1,1,0
233,20221130,6,3,12,3,4.04,1.33,N64 Choco Mountain,150,11,5,13,SU,,False,43,1,0
234,20221130,7,3,12,1,2.26,1.79,GBA Cheese Land,200,11,8,8,UD,,True,24,0,1
235,20221130,7,3,12,2,2.26,1.79,Tour Tokyo Blur,150,9,1,9,UD,,True,76,0,1
236,20221130,7,3,12,3,2.26,1.79,GBA Sky Garden,150,9,1,10,UD,,True,28,0,1
237,20221130,8,3,5,1,15.91,1.07,Toad Harbor,150,9,5,5,SU,,False,61,1,0
238,20221130,9,3,5,1,16.49,1.06,GC Dry Dry Desert,150,12,5,5,SU,,False,33,1,0
239,20221130,10,3,1,1,6.07,1.2,N64 Yoshi Valley,150,12,7,7,SU,,False,48,1,0
240,20221130,10,3,1,2,6.07,1.2,Wii Moo Moo Meadows,150,11,7,7,SU,,False,85,1,0
241,20221130,10,3,1,3,6.07,1.2,Sunshine Airport,200,12,9,9,SU,,False,57,1,0
242,20221130,11,3,1,1,5.71,1.21,GBA Sky Garden,150,11,10,10,SU,,False,28,1,0
243,20221130,11,3,1,2,5.71,1.21,3DS Toad Circuit,150,11,2,2,SU,,False,6,1,0
244,20221130,11,3,1,3,5.71,1.21,N64 Choco Mountain,150,11,9,9,SU,,False,43,1,0
245,20221130,12,4,1,1,3.99,1.33,Wii Wario's Gold Mine,200,10,9,9,SU,,False,88,1,0
246,20221130,12,4,1,2,3.99,1.33,Wii Coconut Mall,150,12,8,8,SU,,False,80,1,0
247,20221130,12,4,1,3,3.99,1.33,GBA Mario Circuit,150,11,2,2,SU,,False,25,1,0
248,20221130,12,4,1,4,3.99,1.33,Hyrule Circuit,150,9,3,3,SU,,False,37,1,0
249,20221130,13,3,1,1,3.24,1.45,N64 Royal Raceway,150,10,1,1,UD,,True,46,0,1
250,20221130,14,3,1,1,3.31,1.43,SFC Dount Plains 3,150,12,12,12,UD,,True,51,0,1
251,20221130,14,3,1,2,3.31,1.43,Tour Tokyo Blur,150,12,1,1,UD,,True,76,0,1
252,20221223,1,3,20,1,1.65,2.54,N64 Royal Raceway,150,11,5,5,UD,,False,46,0,1
253,20221223,1,3,20,2,1.65,2.54,Shy Guy Falls,150,11,11,16,UD,,False,54,0,1
254,20221223,1,3,20,3,1.65,2.54,GC Sherbet Land,150,12,7,23,UD,,False,34,0,1
255,20221223,2,3,20,1,1.52,2.93,DS Shroom Ridge,150,10,6,6,SU,,True,15,1,0
256,20221223,2,3,20,2,1.52,2.93,DS Peach Gardens,150,11,3,9,SU,,True,14,1,0
257,20221223,2,3,20,3,1.52,2.93,3DS Neo Bowser City,150,11,5,14,SU,,True,2,1,0
258,20221223,3,3,15,1,2.42,1.7,Ice Ice Outpost,150,12,3,3,UD,,True,38,0,1
259,20221223,3,3,15,2,2.42,1.7,Bone Dry Dunes,150,12,5,8,UD,,True,9,0,1
260,20221223,3,3,15,3,2.42,1.7,GBA Sky Garden,150,10,6,14,UD,,True,28,0,1
261,20221223,4,3,10,1,14.64,1.07,Electrodrome,150,12,5,5,SU,,False,21,1,0
262,20221223,4,3,10,2,14.64,1.07,N64 Royal Raceway,150,11,8,13,SU,,False,46,1,0
263,20221223,5,3,10,1,5.61,1.22,Thwomp Ruins,150,9,2,2,SU,,False,60,1,0
264,20221223,5,3,10,2,5.61,1.22,Bowser's Castle,150,12,11,13,SU,,False,10,1,0
265,20221223,6,3,10,1,7.74,1.15,Wii Maple Treeway,150,11,5,5,SU,,False,84,1,0
266,20221223,6,3,10,2,7.74,1.15,Electrodrome,150,12,2,7,SU,,False,21,1,0
267,20221223,6,3,10,3,7.74,1.15,Animal Crossing,150,12,8,15,SU,,False,7,1,0
268,20221223,7,1,3,1,2.48,1.68,Wii Coconut Mall,150,12,5,5,SU,,False,80,1,0
269,20221223,8,1,3,1,2.69,1.59,GBA Ribbon Road,150,12,10,10,SU,,False,26,1,0
270,20221223,9,1,3,1,4.04,1.33,DS Peach Gardens,150,11,2,2,UD,,True,14,0,1
271,20230221,1,3,20,1,1.93,2.08,Dragon Driftway,150,12,8,8,UD,,False,20,0,1
272,20230221,1,3,20,2,1.93,2.08,GC Sherbet Land,150,11,11,19,UD,,False,34,0,1
273,20230221,1,3,20,3,1.93,2.08,Tour London Loop,150,12,12,31,UD,,False,66,0,1
274,20230221,2,3,20,1,2.5,1.67,Excitebike Arena,150,12,1,1,UD,,True,22,0,1
275,20230221,2,3,20,2,2.5,1.67,GBA Mario Circuit,150,12,10,11,UD,,True,25,0,1
276,20230221,2,3,20,3,2.5,1.67,Wii Moo Moo Meadows,150,12,2,13,UD,,True,85,0,1
277,20230221,3,3,15,1,3.53,1.4,Sweet Sweet Canyon,150,12,9,9,UD,,True,59,0,1
278,20230221,3,3,15,2,3.53,1.4,N64 Royal Raceway,150,9,2,11,UD,,True,46,0,1
279,20230221,3,3,15,3,3.53,1.4,Wii Coconut Mall,150,8,4,15,UD,,True,80,0,1
280,20230221,4,3,15,1,4.1,1.32,Tour Merry Mountain,150,12,9,9,SU,,False,69,1,0
281,20230221,4,3,15,2,4.1,1.32,DS Walluigi Pinball,150,12,12,21,SU,,False,17,1,0
282,20230221,5,3,15,1,5.39,1.23,Bowser's Castle,150,12,7,7,SU,,False,10,1,0
283,20230221,5,3,15,2,5.39,1.23,GBA Mario Circuit,150,12,11,18,SU,,False,25,1,0
284,20230407,1,3,20,1,1.84,2.19,Wii Mushroom Gorge,150,11,1,1,SU,,True,86,1,0
285,20230407,1,3,20,2,1.84,2.19,GC Baby Park,150,12,11,12,SU,,True,31,1,0
286,20230407,1,3,20,3,1.84,2.19,Toad Harbor,150,12,5,17,SU,,True,61,1,0
287,20230407,2,3,15,1,4.25,1.31,Wii Maple Treeway,150,12,5,5,UD,,True,84,0,1
288,20230407,2,3,15,2,4.25,1.31,Toad Harbor,150,10,4,9,UD,,True,61,0,1
289,20230407,2,3,15,3,4.25,1.31,Tour Berlin Byways,150,10,4,13,UD,,True,65,0,1
290,20230407,3,3,15,1,3.5,1.4,Ice Ice Outpost,150,12,5,5,UD,,True,38,0,1
291,20230407,3,3,15,2,3.5,1.4,Mount Wario,200,12,6,11,UD,,True,41,0,1
292,20230407,3,3,15,3,3.5,1.4,Sky-High Sundae,150,10,2,13,UD,,True,55,0,1
293,20230407,4,3,10,1,7.9,1.14,Sweet Sweet Canyon,150,11,3,3,SU,,False,59,1,0
294,20230407,4,3,10,2,7.9,1.14,Cloudtop Cruise,150,11,6,9,SU,,False,11,1,0
295,20230407,4,3,10,3,7.9,1.14,3DS Rock Rock Mountain,200,12,12,21,SU,,False,5,1,0
296,20230407,5,3,15,1,3.18,1.46,DS Mario Circuit,200,12,10,10,SU,,False,13,1,0
297,20230407,5,3,15,2,3.18,1.46,DS Peach Gardens,150,12,9,19,SU,,False,14,1,0
298,20230407,6,3,15,1,5.75,1.21,Mario Kart Stadium,150,11,5,5,UD,,True,40,0,1
299,20230407,6,3,15,2,5.75,1.21,N64 Rainbow Road,150,11,6,11,UD,,True,45,0,1
300,20230407,6,3,15,3,5.75,1.21,N64 Yoshi Valley,150,11,4,15,UD,,True,48,0,1
301,20230407,7,3,12,1,7.28,1.16,DS Walluigi Pinball,150,10,9,9,SU,,False,17,1,0
302,20230407,7,3,12,2,7.28,1.16,Thwomp Ruins,150,12,9,18,SU,,False,60,1,0
303,20230407,8,3,12,1,5.55,1.22,Tour Bangkok Rush,150,12,6,6,SU,,False,64,1,0
304,20230407,8,3,12,2,5.55,1.22,Tour New York Minute,150,10,2,8,SU,,False,70,1,0
305,20230407,8,3,12,3,5.55,1.22,Wii Wario's Gold Mine,150,10,7,15,SU,,False,88,1,0
308,20230414,2,3,20,1,2.03,1.97,GBA Sky Garden,150,12,4,4,UD,,True,28,0,1
309,20230414,2,3,20,2,2.03,1.97,Tour Paris Promenade,150,12,3,7,UD,,True,72,0,1
310,20230414,3,3,15,1,3.33,1.43,Tour Amsterdam Drift,150,12,6,6,SU,,False,62,1,0
311,20230414,3,3,15,2,3.33,1.43,GBA Ribbon Road,150,11,11,17,SU,,False,26,1,0
312,20230414,4,3,12,1,7.56,1.15,Wii Mushroom Gorge,150,12,3,3,SU,,False,86,1,0
313,20230414,4,3,12,2,7.56,1.15,SFC Raindow Road,150,12,8,11,SU,,False,53,1,0
314,20230414,4,3,12,3,7.56,1.15,Mute City,150,12,4,15,SU,,False,42,1,0
315,20230414,5,3,15,1,2.59,1.63,N64 Royal Raceway,150,12,1,1,UD,,True,46,0,1
316,20230414,5,3,15,2,2.59,1.63,Big Blue,150,12,8,9,UD,,True,8,0,1
317,20230414,5,3,15,3,2.59,1.63,Wild Woods,150,12,4,13,UD,,True,89,0,1
318,20230414,6,3,12,1,3.79,1.36,GBA Riverside Park,150,12,5,5,SU,,False,27,1,0
319,20230414,6,3,12,2,3.79,1.36,GBA Boo Lake,150,12,5,10,SU,,False,23,1,0
320,20230414,6,3,12,3,3.79,1.36,Tour Bangkok Rush,150,12,10,20,SU,,False,64,1,0
321,20230414,7,3,15,1,2.48,1.68,Animal Crossing,150,12,10,10,SU,,False,7,1,0
322,20230414,7,3,15,2,2.48,1.68,DS Shroom Ridge,150,12,11,21,SU,,False,15,1,0
323,20230414,8,3,15,1,3.33,1.43,Wii Maple Treeway,150,12,7,7,SU,,False,84,1,0
324,20230414,8,3,15,2,3.33,1.43,Wild Woods,150,12,11,18,SU,,False,89,1,0
325,20230414,9,3,15,1,2.34,1.75,DS Mario Circuit,150,12,5,5,UD,,True,13,0,1
326,20230414,9,3,15,2,2.34,1.75,Thwomp Ruins,150,12,4,9,UD,,True,60,0,1
327,20230414,9,3,15,3,2.34,1.75,SFC Dount Plains 3,150,12,5,14,UD,,True,51,0,1
328,20230414,10,1,3,1,5.03,1.23,Wii Maple Treeway,150,12,7,7,SU,,False,84,1,0
329,20230420,1,3,20,1,1.68,2.46,Excitebike Arena,150,11,8,8,UD,,False,22,0,1
330,20230420,1,3,20,2,1.68,2.46,Mute City,150,12,8,16,UD,,False,42,0,1
331,20230420,1,3,20,3,1.68,2.46,Rainbow Road,150,12,9,25,UD,,False,49,0,1
332,20230420,2,3,20,1,1.83,2.21,Mario Circuit,150,12,10,10,UD,,False,39,0,1
333,20230420,2,3,20,2,1.83,2.21,Wii Maple Treeway,150,12,12,22,UD,,False,84,0,1
334,20230420,3,3,20,1,2.01,1.99,Tour Merry Mountain,150,12,7,7,SU,,False,69,1,0
335,20230420,3,3,20,2,2.01,1.99,Sunshine Airport,150,10,7,14,SU,,False,57,1,0
336,20230420,3,3,20,3,2.01,1.99,DS Wario Stardium,150,11,11,25,SU,,False,18,1,0
337,20230420,4,3,20,1,2.3,1.77,GC Yoshi's Circuit,150,10,6,6,UD,,True,36,0,1
338,20230420,4,3,20,2,2.3,1.77,N64 Yoshi Valley,150,12,1,7,UD,,True,48,0,1
339,20230420,5,3,15,1,3.75,1.36,GBA Mario Circuit,150,12,5,5,SU,,False,25,1,0
340,20230420,5,3,15,2,3.75,1.36,Sunshine Airport,150,10,4,9,SU,,False,57,1,0
341,20230420,5,3,15,3,3.75,1.36,3DS Rainbow Road,150,11,11,20,SU,,False,4,1,0
342,20230420,6,3,15,1,2.99,1.5,N64 Royal Raceway,150,10,8,8,SU,,False,46,1,0
343,20230420,6,3,15,2,2.99,1.5,Thwomp Ruins,150,11,7,15,SU,,False,60,1,0
344,20230420,7,3,15,1,2.52,1.66,DS Peach Gardens,150,11,7,7,SU,,False,14,1,0
345,20230420,7,3,15,2,2.52,1.66,3DS Piranha Plant Slide,150,11,8,15,SU,,False,3,1,0
346,20230420,8,3,17,1,3.35,1.43,Super Bell Subway,150,12,12,12,SU,,False,58,1,0
347,20230420,8,3,17,2,3.35,1.43,DS Mario Circuit,150,12,10,22,SU,,False,13,1,0
348,20230420,9,3,17,1,4.25,1.31,Cloudtop Cruise,150,12,9,9,SU,,False,11,1,0
349,20230420,9,3,17,2,4.25,1.31,N64 Royal Raceway,150,12,6,15,SU,,False,46,1,0
350,20230420,9,3,17,3,4.25,1.31,Tour London Loop,150,12,11,26,SU,,False,66,1,0
351,20230420,10,3,20,1,2.4,1.71,DS Mario Circuit,150,10,9,9,SU,,False,13,1,0
352,20230420,10,3,20,2,2.4,1.71,GBA Snow Land,150,12,5,14,SU,,False,29,1,0
353,20230420,10,3,20,3,2.4,1.71,Animal Crossing,150,12,9,23,SU,,False,7,1,0
354,20230420,11,3,20,1,3.44,1.41,Wild Woods,200,10,5,5,SU,,False,89,1,0
355,20230420,11,3,20,2,3.44,1.41,DS Tick Tock Clock,150,11,10,15,SU,,False,16,1,0
356,20230420,11,3,20,3,3.44,1.41,Mario Circuit,150,11,7,22,SU,,False,39,1,0
357,20230420,12,3,20,1,1.88,2.41,Tour Paris Promenade,150,11,9,9,SU,,True,72,1,0
358,20230420,12,3,20,2,1.88,2.41,N64 Yoshi Valley,200,12,3,12,SU,,True,48,1,0
359,20230420,12,3,20,3,1.88,2.41,Hyrule Circuit,150,9,5,17,SU,,True,37,1,0
360,20230420,13,3,15,1,7.04,1.17,Thwomp Ruins,150,12,12,12,SU,,False,60,1,0
361,20230420,13,3,15,2,7.04,1.17,Mario Circuit,150,12,11,23,SU,,False,39,1,0
362,20230420,14,3,30,1,1.24,5.24,DS Cheep Cheep Beach,150,11,8,8,SU,,True,12,1,0
363,20230420,14,3,30,2,1.24,5.24,Wii Mushroom Gorge,200,12,11,19,SU,,True,86,1,0
364,20230420,14,3,30,3,1.24,5.24,GBA Boo Lake,150,12,9,28,SU,,True,23,1,0
365,20230420,15,3,27,1,1.74,2.34,Mute City,150,12,5,5,SU,,True,42,1,0
366,20230420,15,3,27,2,1.74,2.34,Dolphin Shoals,150,12,6,11,SU,,True,19,1,0
367,20230420,16,3,20,1,4.65,1.27,3DS Music Park,150,12,7,7,UD,,True,1,0,1
368,20230420,16,3,20,2,4.65,1.27,Bowser's Castle,150,11,5,12,UD,,True,10,0,1
369,20230420,16,3,20,3,4.65,1.27,Wii DK Summit,150,12,4,16,UD,,True,81,0,1
370,20230630,1,3,20,1,1.85,2.17,Animal Crossing,150,11,10,10,UD,,False,7,0,1
371,20230630,1,3,20,2,1.85,2.17,Sunshine Airport,150,12,8,18,UD,,False,57,0,1
372,20230630,1,3,20,3,1.85,2.17,Tour Paris Promenade,150,10,3,21,UD,,False,72,0,1
373,20230630,2,3,20,1,2.07,1.94,3DS Neo Bowser City,150,11,4,4,SU,,False,2,1,0
374,20230630,2,3,20,2,2.07,1.94,3DS Piranha Plant Slide,150,12,9,13,SU,,False,3,1,0
375,20230630,2,3,20,3,2.07,1.94,Dragon Driftway,150,11,11,24,SU,,False,20,1,0
376,20230630,3,3,20,1,2.33,1.75,GBA Mario Circuit,150,12,9,9,SU,,False,25,1,0
377,20230630,3,3,20,2,2.33,1.75,Super Bell Subway,150,12,8,17,SU,,False,58,1,0
378,20230630,3,3,20,3,2.33,1.75,Mario Circuit,150,12,12,29,SU,,False,39,1,0
379,20230630,4,3,20,1,2.65,1.61,Wii DK Summit,150,11,6,6,UD,,True,81,0,1
380,20230630,4,3,20,2,2.65,1.61,Wii Grumble Volcano,150,11,3,9,UD,,True,82,0,1
381,20230630,4,3,20,3,2.65,1.61,SFC Dount Plains 3,150,12,3,12,UD,,True,51,0,1
382,20230630,5,3,15,1,6.48,1.18,GBA Ribbon Road,150,12,9,9,SU,,False,26,1,0
383,20230630,5,3,15,2,6.48,1.18,Yoshi's Island,150,12,8,17,SU,,False,90,1,0
384,20230630,6,3,18,1,2.75,1.57,Super Bell Subway,150,12,7,7,UD,,True,58,0,1
385,20230630,6,3,18,2,2.75,1.57,GBA Cheese Land,150,11,2,9,UD,,True,24,0,1
386,20230630,6,3,18,3,2.75,1.57,Tour London Loop,150,10,3,12,UD,,True,66,0,1
387,20230630,7,3,15,1,4.71,1.27,Toad Harbor,150,11,6,6,SU,,False,61,1,0
388,20230630,7,3,15,2,4.71,1.27,GC Sherbet Land,150,12,8,14,SU,,False,34,1,0
389,20230630,7,3,15,3,4.71,1.27,3DS DK Jungle,150,12,5,19,SU,,False,0,1,0
390,20230630,8,3,15,1,5.99,1.2,Yoshi's Island,150,11,7,7,SU,,False,90,1,0
391,20230630,8,3,15,2,5.99,1.2,Tour London Loop,200,8,6,13,SU,,False,66,1,0
392,20230630,8,3,15,3,5.99,1.2,GC Sherbet Land,150,10,8,21,SU,,False,34,1,0
393,20230630,9,3,12,1,9.26,1.12,Yoshi's Island,150,8,3,3,SU,,False,90,1,0
394,20230630,9,3,12,2,9.26,1.12,GC Dry Dry Desert,150,12,12,15,SU,,False,33,1,0
395,20230630,10,3,13,1,8.79,1.13,Super Bell Subway,150,12,8,8,SU,,False,58,1,0
396,20230630,10,3,13,2,8.79,1.13,Wii Maple Treeway,150,12,10,18,SU,,False,84,1,0
397,20230630,11,3,15,1,5.24,1.24,DS Wario Stardium,150,12,8,8,SU,,False,18,1,0
398,20230630,11,3,15,2,5.24,1.24,SFC Raindow Road,150,12,5,13,SU,,False,53,1,0
399,20230630,11,3,15,3,5.24,1.24,Bowser's Castle,150,11,8,21,SU,,False,10,1,0
400,20230630,12,3,12,1,8.16,1.14,Shy Guy Falls,150,11,6,6,SU,,False,54,1,0
401,20230630,12,3,12,2,8.16,1.14,Mario Circuit,150,11,3,9,SU,,False,39,1,0
402,20230630,12,3,12,3,8.16,1.14,Wii Wario's Gold Mine,150,11,8,17,SU,,False,88,1,0
403,20230630,13,3,10,1,10.14,1.11,DS Tick Tock Clock,150,11,8,8,SU,,False,16,1,0
404,20230630,13,3,10,2,10.14,1.11,3DS Rock Rock Mountain,150,9,6,14,SU,,False,5,1,0
405,20230630,14,3,18,1,2.05,1.95,GC Baby Park,150,11,2,2,UD,,True,31,0,1
406,20230630,14,3,18,2,2.05,1.95,Mario Circuit,150,12,2,4,UD,,True,39,0,1
407,20230630,15,3,10,1,8.66,1.13,Shy Guy Falls,150,11,2,2,UD,,True,54,0,1
408,20230630,15,3,10,2,8.66,1.13,Tour Paris Promenade,150,11,2,4,UD,,True,72,0,1
409,20230630,15,3,10,3,8.66,1.13,DS Walluigi Pinball,150,12,3,7,UD,,True,17,0,1
410,20230705,1,3,18,1,2.48,1.68,Electrodrome,150,11,10,10,SU,,False,21,1,0
411,20230705,1,3,18,2,2.48,1.68,Tour London Loop,150,12,9,19,SU,,False,66,1,0
412,20230705,2,3,20,1,2.74,1.57,Tour Sydney Sprint,150,12,4,4,UD,,True,75,0,1
413,20230705,2,3,20,2,2.74,1.57,N64 Rainbow Road,150,10,10,14,UD,,True,45,0,1
414,20230705,2,3,20,3,2.74,1.57,Twisted Mansion,150,12,1,15,UD,,True,78,0,1
415,20230705,3,3,15,1,4.89,1.26,SFC Dount Plains 3,150,11,4,4,SU,,False,51,1,0
416,20230705,3,3,15,2,4.89,1.26,Wii Mushroom Gorge,150,12,7,11,SU,,False,86,1,0
417,20230705,3,3,15,3,4.89,1.26,3DS Neo Bowser City,150,10,10,21,SU,,False,2,1,0
418,20230705,4,3,15,1,3.27,1.44,3DS Toad Circuit,150,11,8,8,SU,,False,6,1,0
419,20230705,4,3,15,2,3.27,1.44,Wii Maple Treeway,150,11,5,13,SU,,False,84,1,0
420,20230705,4,3,15,3,3.27,1.44,N64 Yoshi Valley,150,12,8,21,SU,,False,48,1,0
421,20230705,5,3,15,1,2.0,2.0,GBA Ribbon Road,150,7,5,5,SU,,False,26,1,0
422,20230705,5,3,15,2,2.0,2.0,Wii Moo Moo Meadows,150,9,7,12,SU,,False,85,1,0
423,20230705,5,3,15,3,2.0,2.0,Dragon Driftway,150,12,8,20,SU,,False,20,1,0
424,20230705,6,3,12,1,11.35,1.1,Thwomp Ruins,150,12,5,5,SU,,False,60,1,0
425,20230705,6,3,12,2,11.35,1.1,Sweet Sweet Canyon,150,11,9,14,SU,,False,59,1,0
426,20230705,7,3,15,1,4.19,1.31,Tour Singapore Speedway,150,12,8,8,SU,,False,74,1,0
427,20230705,7,3,15,2,4.19,1.31,3DS Neo Bowser City,150,12,10,18,SU,,False,2,1,0
428,20230705,8,3,15,1,7.37,1.16,GBA Snow Land,150,9,7,7,SU,,False,29,1,0
429,20230705,8,3,15,2,7.37,1.16,DS Cheep Cheep Beach,150,12,12,19,SU,,False,12,1,0
430,20230705,9,3,18,1,2.26,1.79,DS Peach Gardens,150,12,4,4,SU,,False,14,1,0
431,20230705,9,3,18,2,2.26,1.79,Mute City,150,12,11,15,SU,,False,42,1,0
432,20230705,9,3,18,3,2.26,1.79,Big Blue,150,10,5,20,SU,,False,8,1,0
433,20230705,10,3,15,1,6.36,1.19,Tour Singapore Speedway,150,12,4,4,UD,,True,74,0,1
434,20230705,10,3,15,2,6.36,1.19,N64 Toad's Turnpike,150,11,3,7,UD,,True,47,0,1
435,20230705,10,3,15,3,6.36,1.19,Tour Tokyo Blur,150,12,1,8,UD,,True,76,0,1
436,20230705,11,3,12,1,6.67,1.18,Wii Coconut Mall,150,11,3,3,SU,,False,80,1,0
437,20230705,11,3,12,2,6.67,1.18,Toad Harbor,150,12,2,5,SU,,False,61,1,0
438,20230705,11,3,12,3,6.67,1.18,GC Baby Park,150,12,12,17,SU,,False,31,1,0
439,20230705,12,3,15,1,4.73,1.27,Tour London Loop,150,12,11,11,SU,,False,66,1,0
440,20230705,12,3,15,2,4.73,1.27,3DS Rock Rock Mountain,150,11,5,16,SU,,False,5,1,0
441,20230705,13,3,12,1,5.98,1.2,DS Mario Circuit,150,11,8,8,SU,,False,13,1,0
442,20230705,13,3,12,2,5.98,1.2,GBA Boo Lake,150,11,1,9,SU,,False,23,1,0
443,20230705,13,3,12,3,5.98,1.2,Tour London Loop,150,12,5,14,SU,,False,66,1,0
444,20230705,14,3,12,1,6.43,1.18,GC Sherbet Land,150,11,3,3,SU,,False,34,1,0
445,20230705,14,3,12,2,6.43,1.18,Ice Ice Outpost,150,12,4,7,SU,,False,38,1,0
446,20230705,14,3,12,3,6.43,1.18,Wii DK Summit,150,12,10,17,SU,,False,81,1,0
447,20230705,15,1,3,1,3.08,1.48,Toad Harbor,150,12,12,12,SU,,False,61,1,0
448,20230705,16,1,3,1,2.41,1.71,Wild Woods,150,12,2,2,UD,,True,89,0,1
449,20230812,1,3,18,1,2.03,1.97,Ice Ice Outpost,150,11,4,4,UD,,True,38,0,1
450,20230812,1,3,18,2,2.03,1.97,N64 Toad's Turnpike,150,11,3,7,UD,,True,47,0,1
451,20230812,1,3,18,3,2.03,1.97,Mario Kart Stadium,150,12,7,14,UD,,True,40,0,1
452,20230812,2,3,15,1,1.94,2.06,GBA Cheese Land,150,10,10,10,UD,,False,24,0,1
453,20230812,2,3,15,2,1.94,2.06,DS Shroom Ridge,150,10,1,11,UD,,False,15,0,1
454,20230812,2,3,15,3,1.94,2.06,GBA Snow Land,150,12,6,17,UD,,False,29,0,1
455,20230812,3,3,15,1,1.96,2.04,GC Waluigi Stadium,150,12,10,10,UD,,False,35,0,1
456,20230812,3,3,15,2,1.96,2.04,Wii Koopa Cape,150,11,5,15,UD,,False,83,0,1
457,20230812,4,3,15,1,3.18,1.46,N64 Rainbow Road,150,10,7,7,SU,,False,45,1,0
458,20230812,4,3,15,2,3.18,1.46,N64 Toad's Turnpike,150,11,4,11,SU,,False,47,1,0
459,20230812,4,3,15,3,3.18,1.46,SFC Raindow Road,150,12,8,19,SU,,False,53,1,0
460,20230812,5,3,12,1,5.13,1.24,Squeaky Clean Sprint,150,8,6,6,SU,,False,56,1,0
461,20230812,5,3,12,2,5.13,1.24,Yoshi's Island,150,9,8,14,SU,,False,90,1,0
462,20230812,6,1,3,1,4.49,1.29,Yoshi's Island,150,12,9,9,SU,,False,90,1,0
463,20230812,7,1,3,1,5.1,1.24,Wii Wario's Gold Mine,150,11,8,8,SU,,False,88,1,0
464,20230812,8,1,1,1,8.09,1.14,Cloudtop Cruise,150,12,3,3,SU,,False,11,1,0
465,20230812,9,3,12,1,5.22,1.24,Mario Circuit,150,12,11,11,SU,,False,39,1,0
466,20230812,10,3,12,1,9.19,1.12,Wii Coconut Mall,150,12,8,8,SU,,False,80,1,0
467,20230812,10,3,12,2,9.19,1.12,3DS DK Jungle,200,12,12,20,SU,,False,0,1,0
468,20230822,1,3,20,1,1.9,2.11,Squeaky Clean Sprint,150,12,5,5,SU,,True,56,1,0
469,20230822,1,3,20,2,1.9,2.11,Wii Coconut Mall,150,12,9,14,SU,,True,80,1,0
470,20230822,1,3,20,3,1.9,2.11,Super Bell Subway,150,11,4,18,SU,,True,58,1,0
471,20230822,2,3,15,1,4.83,1.26,Bone Dry Dunes,150,12,8,8,SU,,False,9,1,0
472,20230822,2,3,15,2,4.83,1.26,Water Park,150,12,3,11,SU,,False,79,1,0
473,20230822,2,3,15,3,4.83,1.26,Mount Wario,150,12,5,16,SU,,False,41,1,0
474,20230822,3,3,10,1,11.67,1.09,3DS Rainbow Road,150,12,3,3,SU,,False,4,1,0
475,20230822,3,3,10,2,11.67,1.09,GBA Mario Circuit,150,10,4,7,SU,,False,25,1,0
476,20230822,3,3,10,3,11.67,1.09,Tour Berlin Byways,150,12,4,11,SU,,False,65,1,0
477,20230822,4,3,10,1,6.27,1.19,Squeaky Clean Sprint,150,12,11,11,SU,,False,56,1,0
478,20230822,5,3,10,1,12.14,1.09,Tour London Loop,150,12,9,9,SU,,False,66,1,0
479,20230822,6,3,10,1,12.8,1.08,Cloudtop Cruise,150,11,9,9,SU,,False,11,1,0
480,20230822,7,3,10,1,10.28,1.11,N64 Rainbow Road,150,12,1,1,SU,,False,45,1,0
481,20230822,7,3,10,2,10.28,1.11,Wii Koopa Cape,150,12,7,8,SU,,False,83,1,0
482,20230822,7,3,10,3,10.28,1.11,Mute City,200,12,5,13,SU,,False,42,1,0
483,20230822,8,3,12,1,3.47,1.4,Wii Moo Moo Meadows,150,12,3,3,SU,,False,85,1,0
484,20230822,8,3,12,2,3.47,1.4,Wii Koopa Cape,150,12,7,10,SU,,False,83,1,0
485,20230822,8,3,12,3,3.47,1.4,Dolphin Shoals,150,10,4,14,SU,,False,19,1,0
487,20230822,10,3,12,1,6.96,1.17,GBA Sunset Wilds,150,12,9,9,SU,,False,30,1,0
488,20230822,10,3,12,2,6.96,1.17,GBA Riverside Park,150,12,5,14,SU,,False,27,1,0
489,20230822,11,1,1,1,10.04,1.11,Excitebike Arena,200,12,7,7,SU,,False,22,1,0
490,20220412,1,3,15,1,7.98,1.14,Tour Ninja Hideway,200,10,4,4,UD,,True,71,0,1
491,20220412,1,3,15,2,7.98,1.14,Electrodrome,150,11,4,8,UD,,True,21,0,1
492,20220412,1,3,15,3,7.98,1.14,Cloudtop Cruise,150,12,5,13,UD,,True,11,0,1
493,20220412,2,3,15,1,2.64,1.61,Mute City,150,11,5,5,SU,,False,42,1,0
494,20220412,2,3,15,2,2.64,1.61,GBA Mario Circuit,150,11,3,8,SU,,False,25,1,0
495,20220412,2,3,15,3,2.64,1.61,GBA Cheese Land,150,12,9,17,SU,,False,24,1,0
496,20220412,3,3,15,1,2.91,1.52,Excitebike Arena,150,12,9,9,SU,,False,22,1,0
497,20220412,3,3,15,2,2.91,1.52,N64 Toad's Turnpike,150,12,5,14,SU,,False,47,1,0
498,20220412,3,3,15,3,2.91,1.52,Mario Kart Stadium,150,12,4,18,SU,,False,40,1,0
499,20220412,4,3,15,1,4.23,1.31,GC Yoshi's Circuit,150,11,9,9,SU,,False,36,1,0
500,20220412,4,3,15,2,4.23,1.31,3DS Toad Circuit,150,12,11,20,SU,,False,6,1,0
501,20220412,5,3,15,1,5.56,1.22,Tour Paris Promenade,150,12,7,7,SU,,False,72,1,0
502,20220412,5,3,15,2,5.56,1.22,Hyrule Circuit,150,12,8,15,SU,,False,37,1,0
503,20220412,6,3,15,1,5.67,1.21,DS Cheep Cheep Beach,150,9,4,4,SU,,False,12,1,0
504,20220412,6,3,15,2,5.67,1.21,3DS Toad Circuit,150,12,11,15,SU,,False,6,1,0
505,20220412,7,3,15,1,5.71,1.21,GBA Ribbon Road,150,11,4,4,UD,,True,26,0,1
506,20220412,7,3,15,2,5.71,1.21,GC Baby Park,150,11,1,5,UD,,True,31,0,1
507,20220412,7,3,15,3,5.71,1.21,DS Shroom Ridge,150,12,9,14,UD,,True,15,0,1
508,20220412,8,3,15,1,6.28,1.19,Thwomp Ruins,150,12,10,10,SU,,False,60,1,0
509,20220412,8,3,15,2,6.28,1.19,Sweet Sweet Canyon,150,12,5,15,SU,,False,59,1,0
510,20220412,9,3,15,1,5.97,1.2,N64 Choco Mountain,150,11,8,8,SU,,False,43,1,0
511,20220412,9,3,15,2,5.97,1.2,N64 Toad's Turnpike,150,10,3,11,SU,,False,47,1,0
512,20220412,9,3,15,3,5.97,1.2,Tour Ninja Hideway,150,12,7,18,SU,,False,71,1,0
513,20220412,10,3,15,1,4.61,1.28,DS Wario Stardium,150,12,4,4,SU,,False,18,1,0
514,20220412,10,3,15,2,4.61,1.28,3DS DK Jungle,150,12,4,8,SU,,False,0,1,0
515,20220412,10,3,15,3,4.61,1.28,Wild Woods,150,12,9,17,SU,,False,89,1,0
516,20230821,1,3,18,1,2.8,1.56,Tour Vancouver Velocity,150,8,8,8,SU,,False,77,1,0
517,20230821,1,3,18,2,2.8,1.56,DS Mario Circuit,150,11,9,17,SU,,False,13,1,0
518,20230821,1,3,18,3,2.8,1.56,Big Blue,150,12,2,19,SU,,False,8,1,0
519,20230821,2,3,18,1,2.0,2.0,DS Cheep Cheep Beach,150,11,7,7,UD,,False,12,0,1
520,20230821,2,3,18,2,2.0,2.0,DS Tick Tock Clock,150,12,11,18,UD,,False,16,0,1
521,20230821,3,3,20,1,2.03,1.97,GBA Ribbon Road,150,12,7,7,SU,,False,26,1,0
522,20230821,3,3,20,2,2.03,1.97,3DS Rock Rock Mountain,150,12,8,15,SU,,False,5,1,0
523,20230821,3,3,20,3,2.03,1.97,Tour London Loop,150,12,10,25,SU,,False,66,1,0
524,20230821,4,3,20,1,2.21,1.83,Wii Mushroom Gorge,150,11,7,7,SU,,False,86,1,0
525,20230821,4,3,20,2,2.21,1.83,3DS Toad Circuit,150,10,10,17,SU,,False,6,1,0
526,20230821,4,3,20,3,2.21,1.83,Mount Wario,150,9,6,23,SU,,False,41,1,0
527,20230821,5,3,20,1,2.6,1.62,3DS Rock Rock Mountain,150,11,4,4,UD,,True,5,0,1
528,20230821,5,3,20,2,2.6,1.62,Wii Mushroom Gorge,150,9,5,9,UD,,True,86,0,1
529,20230821,6,3,20,1,2.7,1.59,Tour Los Angeles Laps,150,9,8,8,SU,,False,67,1,0
530,20230821,6,3,20,2,2.7,1.59,Toad Harbor,150,9,8,16,SU,,False,61,1,0
531,20230821,6,3,20,3,2.7,1.59,DS Tick Tock Clock,150,8,6,22,SU,,False,16,1,0
532,20230821,7,3,15,1,4.07,1.33,GC Dry Dry Desert,150,9,8,8,SU,,False,33,1,0
533,20230821,7,3,15,2,4.07,1.33,Mario Kart Stadium,150,9,3,11,SU,,False,40,1,0
534,20230821,7,3,15,3,4.07,1.33,Tour Athens Dash,150,12,9,20,SU,,False,63,1,0
535,20230821,8,3,15,1,6.29,1.19,Rainbow Road,150,12,12,12,SU,,False,49,1,0
536,20230821,8,3,15,2,6.29,1.19,GBA Riverside Park,150,11,7,19,SU,,False,27,1,0
537,20230821,9,3,15,1,7.79,1.15,Rainbow Road,150,12,1,1,UD,,True,49,0,1
538,20230821,9,3,15,2,7.79,1.15,Thwomp Ruins,150,12,8,9,UD,,True,60,0,1
539,20230821,9,3,15,3,7.79,1.15,Mount Wario,150,9,6,15,UD,,True,41,0,1
540,20230821,10,1,3,1,3.17,1.46,3DS Rainbow Road,150,8,7,7,SU,,False,4,1,0
541,20230921,1,3,20,1,1.85,2.18,Tour Tokyo Blur,150,12,9,9,UD,,False,76,0,1
542,20230921,1,3,20,2,1.85,2.18,Big Blue,200,11,9,18,UD,,False,8,0,1
543,20230921,1,3,20,3,1.85,2.18,GC Yoshi's Circuit,150,12,9,27,UD,,False,36,0,1
544,20230921,2,3,20,1,2.37,1.73,Sunshine Airport,150,12,10,10,SU,,False,57,1,0
545,20230921,2,3,20,2,2.37,1.73,N64 Kalimari Desert,150,12,11,21,SU,,False,44,1,0
546,20230921,3,3,15,1,8.36,1.14,Hyrule Circuit,150,12,4,4,SU,,False,37,1,0
547,20230921,3,3,15,2,8.36,1.14,GC Dry Dry Desert,150,11,7,11,SU,,False,33,1,0
548,20230921,3,3,15,3,8.36,1.14,Dragon Driftway,150,12,8,19,SU,,False,20,1,0
549,20230921,4,3,15,1,4.41,1.29,3DS Toad Circuit,150,11,6,6,SU,,False,6,1,0
550,20230921,4,3,15,2,4.41,1.29,Tour Singapore Speedway,150,12,11,17,SU,,False,74,1,0
551,20231023,1,3,20,1,1.75,2.32,DS Wario Stardium,150,7,5,5,UD,,False,18,0,1
552,20231023,1,3,20,2,1.75,2.32,GBA Sky Garden,150,12,6,11,UD,,False,28,0,1
553,20231023,1,3,20,3,1.75,2.32,Sunshine Airport,150,10,10,21,UD,,False,57,0,1
554,20231023,2,3,20,1,2.42,1.7,Mario Kart Stadium,150,12,9,9,SU,,False,40,1,0
555,20231023,2,3,20,2,2.42,1.7,3DS Neo Bowser City,150,10,10,19,SU,,False,2,1,0
556,20231023,2,3,20,3,2.42,1.7,Bone Dry Dunes,150,12,12,31,SU,,False,9,1,0
557,20231023,3,3,22,1,1.6,2.45,GBA Snow Land,150,12,10,10,UD,,False,29,0,1
558,20231023,3,3,22,2,1.6,2.45,Mute City,150,12,8,18,UD,,False,42,0,1
559,20231023,3,3,22,3,1.6,2.45,Tour London Loop,200,11,8,26,UD,,False,66,0,1
560,20231023,4,3,25,1,1.38,3.85,Tour Tokyo Blur,150,10,5,5,SU,,True,76,1,0
561,20231023,4,3,25,2,1.38,3.85,3DS Neo Bowser City,150,12,4,9,SU,,True,2,1,0
562,20231023,5,3,15,1,10.09,1.11,Tour Tokyo Blur,150,10,5,5,SU,,False,76,1,0
563,20231023,5,3,15,2,10.09,1.11,Shy Guy Falls,150,12,11,16,SU,,False,54,1,0
564,20231023,6,3,20,1,2.85,1.54,Mute City,150,9,2,2,UD,,True,42,0,1
565,20231023,6,3,20,2,2.85,1.54,Rainbow Road,150,12,10,12,UD,,True,49,0,1
566,20231023,6,3,20,3,2.85,1.54,GBA Mario Circuit,150,11,8,20,UD,,True,25,0,1
567,20231023,7,3,18,1,2.82,1.55,Animal Crossing,150,12,9,9,SU,,False,7,1,0
568,20231023,7,3,18,2,2.82,1.55,Mario Circuit,150,10,9,18,SU,,False,39,1,0
569,20231023,8,3,20,1,2.76,1.57,Animal Crossing,150,12,8,8,SU,,True,7,1,0
570,20231023,8,3,20,2,2.76,1.57,Water Park,150,10,9,17,SU,,True,79,1,0
571,20231023,8,3,20,3,2.76,1.57,GC Dry Dry Desert,150,11,3,20,SU,,True,33,1,0
572,20231023,9,3,10,1,15.34,1.07,GBA Cheese Land,150,12,9,9,SU,,False,24,1,0
573,20231023,10,3,10,1,37.01,1.03,DS Mario Circuit,150,10,2,2,SU,,False,13,1,0
574,20231023,10,3,10,2,37.01,1.03,Sunshine Airport,150,12,4,6,SU,,False,57,1,0
575,20231023,10,3,10,3,37.01,1.03,GC Waluigi Stadium,150,11,9,15,SU,,False,35,1,0
576,20231023,11,1,3,1,7.63,1.15,GBA Cheese Land,200,12,9,9,SU,,False,24,1,0
577,20231023,12,1,3,1,3.8,1.36,Tour Tokyo Blur,150,12,1,1,UD,,True,76,0,1
578,20231023,13,1,1,1,19.15,1.06,DS Walluigi Pinball,150,12,12,12,SU,,False,17,1,0
579,20231205,1,3,18,1,3.37,1.42,Hyrule Circuit,150,12,7,7,SU,,False,37,1,0
580,20231205,1,3,18,2,3.37,1.42,N64 Royal Raceway,150,12,7,14,SU,,False,46,1,0
581,20231205,1,3,18,3,3.37,1.42,Water Park,150,11,5,19,SU,,False,79,1,0
582,20231205,2,3,18,1,3.11,1.47,Tour Madrid Drive,150,12,3,3,UD,,True,68,0,1
583,20231205,2,3,18,2,3.11,1.47,Bone Dry Dunes,150,12,12,15,UD,,True,9,0,1
584,20231205,2,3,18,3,3.11,1.47,Rainbow Road,150,12,3,18,UD,,True,49,0,1
585,20231205,3,3,15,1,5.71,1.21,GC Baby Park,150,12,2,2,SU,,False,31,1,0
586,20231205,3,3,15,2,5.71,1.21,Excitebike Arena,150,12,8,10,SU,,False,22,1,0
587,20231205,3,3,15,3,5.71,1.21,Toad Harbor,150,11,7,17,SU,,False,61,1,0
588,20231205,4,3,15,1,5.33,1.23,Tour Paris Promenade,150,12,5,5,SU,,False,72,1,0
589,20231205,4,3,15,2,5.33,1.23,GBA Cheese Land,150,12,12,17,SU,,False,24,1,0
590,20231205,5,3,15,1,5.99,1.2,Big Blue,150,11,9,9,SU,,False,8,1,0
591,20231205,5,3,15,2,5.99,1.2,Tour Rome Avanti,150,12,9,18,SU,,False,73,1,0
592,20231205,6,3,18,1,4.83,1.26,Wii Rainbow Road,150,12,5,5,SU,,False,87,1,0
593,20231205,6,3,18,2,4.83,1.26,Toad Harbor,150,12,5,10,SU,,False,61,1,0
594,20231205,6,3,18,3,4.83,1.26,Wii Grumble Volcano,150,12,10,20,SU,,False,82,1,0
595,20231205,7,3,18,1,2.66,1.6,3DS Music Park,150,11,2,2,SU,,False,1,1,0
596,20231205,7,3,18,2,2.66,1.6,DS Walluigi Pinball,150,12,10,12,SU,,False,17,1,0
597,20231205,7,3,18,3,2.66,1.6,Super Bell Subway,150,11,9,21,SU,,False,58,1,0
598,20231205,8,3,18,1,4.06,1.33,GC Yoshi's Circuit,150,12,8,8,SU,,False,36,1,0
599,20231205,8,3,18,2,4.06,1.33,SFC Raindow Road,150,12,11,19,SU,,False,53,1,0
600,20231205,9,3,18,1,3.79,1.36,GBA Riverside Park,150,12,4,4,UD,,True,27,0,1
601,20231205,9,3,18,2,3.79,1.36,GC Baby Park,150,12,1,5,UD,,True,31,0,1
602,20231205,10,3,10,1,16.1,1.07,SFC Bowser Castle 3,150,12,9,9,SU,,False,50,1,0
603,20231205,11,3,10,1,20.01,1.05,Tour New York Minute,150,11,2,2,SU,,False,70,1,0
604,20231205,11,3,10,2,20.01,1.05,DS Shroom Ridge,150,12,9,11,SU,,False,15,1,0
605,20231205,12,3,12,1,11.42,1.1,GC DK Mountain,150,12,12,12,SU,,False,32,1,0
606,20231205,13,1,3,1,5.75,1.21,GBA Mario Circuit,150,12,5,5,SU,,False,25,1,0
607,20231205,14,3,10,1,12.2,1.09,GC Baby Park,150,12,7,7,SU,,False,31,1,0
608,20231205,14,3,10,2,12.2,1.09,Bowser's Castle,150,12,12,19,SU,,False,10,1,0
609,20231205,15,3,15,1,3.27,1.42,DS Cheep Cheep Beach,150,10,8,8,SU,,False,12,1,0
610,20231205,15,3,15,2,3.27,1.42,Wii Maple Treeway,150,12,6,14,SU,,False,84,1,0
611,20231205,15,3,15,3,3.27,1.42,Dragon Driftway,150,11,4,18,SU,,False,20,1,0
612,20231205,16,3,12,1,7.93,1.14,SFC Bowser Castle 3,150,12,3,3,SU,,False,50,1,0
613,20231205,16,3,12,2,7.93,1.14,Mario Circuit,150,12,10,13,SU,,False,39,1,0
614,20231205,17,3,12,1,6.01,1.2,Rainbow Road,150,11,10,10,SU,,False,49,1,0
615,20231205,18,1,1,1,44.75,1.02,GBA Ribbon Road,150,12,2,2,SU,,False,26,1,0
616,20231205,19,3,19,1,6.84,1.17,GBA Sky Garden,150,12,5,5,SU,,False,28,1,0
617,20231205,19,3,19,2,6.84,1.17,DS Tick Tock Clock,150,11,9,14,SU,,False,16,1,0
618,20231205,20,1,1,1,17.32,1.06,GC Waluigi Stadium,150,11,10,10,SU,,False,35,1,0
619,20231205,21,1,3,1,6.03,1.2,Wii Rainbow Road,150,12,2,2,UD,,True,87,0,1
620,20231205,22,1,3,1,2.88,1.53,Toad Harbor,150,9,5,5,SU,,False,61,1,0
621,20231205,23,1,3,1,1.82,2.23,GC Baby Park,150,12,1,1,SU,,True,31,1,0
622,20231222,1,3,18,1,2.36,1.73,Sweet Sweet Canyon,150,11,6,6,SU,,False,59,1,0
623,20231222,1,3,18,2,2.36,1.73,Wild Woods,150,12,12,18,SU,,False,89,1,0
624,20231222,2,3,18,1,3.5,1.4,Wii Rainbow Road,150,12,7,7,SU,,False,87,1,0
625,20231222,2,3,18,2,3.5,1.4,GC Yoshi's Circuit,150,11,7,14,SU,,False,36,1,0
626,20231222,2,3,18,3,3.5,1.4,Hyrule Circuit,150,12,7,21,SU,,False,37,1,0
627,20231222,3,3,10,1,7.16,1.16,DS Mario Circuit,150,11,9,9,SU,,False,13,1,0
628,20231222,4,3,10,1,8.24,1.14,Wii Grumble Volcano,150,12,12,12,SU,,False,82,1,0
629,20231222,5,3,18,1,1.87,2.15,GC Yoshi's Circuit,150,8,6,6,UD,,False,36,0,1
630,20231222,5,3,18,2,1.87,2.15,DS Walluigi Pinball,150,9,6,12,UD,,False,17,0,1
631,20231222,5,3,18,3,1.87,2.15,Mario Circuit,150,10,10,22,UD,,False,39,0,1
