index,date,round,game_count,game_goal,cur_game_count,win_odds,lose_odds,track_K,track_E,cc,part_people,rank,prefix_rank,odds_result,significant,RESULT
1,20220204,1,3,15,1,4.71,1.27,와리오 스노 마운틴,Mount Wario,150,10,10,10,straight up,,FALSE
2,20220204,1,3,15,2,4.71,1.27,드래곤 드리프트 로드,Dragon Driftway,mirror,12,7,17,straight up,,FALSE
3,20220204,2,3,15,1,7.04,1.17,와리오 스노 마운틴,Mount Wario,150,11,2,2,underdog,,TRUE
4,20220204,2,3,15,2,7.04,1.17,3DS DK 정글,3DS DK Jungle,150,11,5,7,underdog,,TRUE
5,20220204,2,3,15,3,7.04,1.17,DS 와리오 스타디움,DS Wario Stardium,150,12,5,12,underdog,,TRUE
6,20220204,3,3,15,1,1.95,2.05,GBA 리본 로드,GBA Ribbon Road,150,12,3,3,straight up,,TRUE
7,20220204,3,3,15,2,1.95,2.05,3DS 네오 쿠파 시티,3DS Neo Bowser City,150,11,5,8,straight up,,TRUE
8,20220204,3,3,15,3,1.95,2.05,N64 요시 밸리,N64 Yoshi Valley,150,11,7,15,straight up,,TRUE
9,20220204,4,3,15,1,2.37,1.73,키노피오 하버,Toad Harbor,150,12,2,2,underdog,,TRUE
10,20220204,4,3,15,2,2.37,1.73,스카이 가든,Cloudtop Cruise,150,12,5,7,underdog,,TRUE
11,20220204,4,3,15,3,2.37,1.73,마리오 카트 스타디움,Mario Kart Stadium,150,12,2,9,underdog,,TRUE
12,20220204,5,3,12,1,4.09,1.32,스카이 가든,Cloudtop Cruise,150,12,8,8,straight up,,FALSE
13,20220204,5,3,12,2,4.09,1.32,슈퍼 벨 메트로,Super Bell Subway,150,12,8,16,straight up,,FALSE
14,20220204,6,3,15,1,2.46,1.68,N64 무지개 로드,N64 Rainbow Road,mirror,11,6,6,straight up,,FALSE
15,20220204,6,3,15,2,2.46,1.68,키노피오 하버,Toad Harbor,150,12,6,12,straight up,,FALSE
16,20220204,6,3,15,3,2.46,1.68,N64 요시 밸리,N64 Yoshi Valley,mirror,12,9,21,straight up,,FALSE
17,20220204,7,3,15,1,5.39,1.23,뮤트 시티,Mute City,150,12,7,7,underdog,MISS,TRUE
18,20220204,7,3,15,2,5.39,1.23,쿵쿵 유적,Thwomp Ruins,150,12,10,17,underdog,MISS,TRUE
19,20220204,8,3,15,1,3.22,1.45,N64 피치 서킷,N64 Royal Raceway,150,12,5,5,straight up,,FALSE
20,20220204,8,3,15,2,3.22,1.45,마리오 서킷,Mario Circuit,150,12,5,10,straight up,,FALSE
21,20220204,8,3,15,3,3.22,1.45,드래곤 드리프트 로드,Dragon Driftway,mirror,12,7,17,straight up,,FALSE
22,20220204,9,3,15,1,3.61,1.38,뼈다귀 사막,Bone Dry Dunes,150,12,3,3,straight up,,FALSE
23,20220204,9,3,15,2,3.61,1.38,마리오 서킷,Mario Circuit,150,12,5,8,straight up,,FALSE
24,20220204,9,3,15,3,3.61,1.38,동물의 숲,Animal Crossing,150,12,9,17,straight up,,FALSE
25,20220204,10,3,15,1,6.11,1.20,3DS 네오 쿠파 시티,3DS Neo Bowser City,mirror,12,11,11,straight up,,FALSE
26,20220204,10,3,15,2,6.11,1.20,GC 요시 서킷,GC Yoshi's Circuit,150,12,6,17,straight up,,FALSE
27,20220204,11,3,15,1,7.45,1.16,DS 뽀꾸뽀꾸 비치,DS Cheep Cheep Beach,150,12,10,10,straight up,,FALSE
28,20220204,11,3,15,2,7.45,1.16,DS 와리오 스타디움,DS Wario Stardium,150,12,9,19,straight up,,FALSE
29,20220204,12,3,15,1,6.29,1.19,쿠파 성,Bowser's Castle,150,12,11,11,straight up,,FALSE
30,20220204,12,3,15,2,6.29,1.19,스위트 캐니언,Sweet Sweet Canyon,150,12,3,14,straight up,,FALSE
31,20220204,12,3,15,3,6.29,1.19,빅 블루,Big Blue,150,12,12,26,straight up,,FALSE
32,20220204,13,3,15,1,5.42,1.23,GBA 리본 로드,GBA Ribbon Road,150,12,12,12,straight up,,FALSE
33,20220204,13,3,15,2,5.45,1.23,GC 베이비 파크,GC Baby Park,150,11,11,23,straight up,,FALSE
34,20220204,14,3,15,1,12.10,1.09,DS 똑딱시계 코스,DS Tick Tock Clock,150,12,5,5,straight up,,FALSE
35,20220204,14,3,15,2,12.10,1.09,GC 베이비 파크,GC Baby Park,150,12,8,13,straight up,,FALSE
36,20220204,14,3,15,3,12.10,1.09,DS 뽀꾸뽀꾸 비치,DS Cheep Cheep Beach,150,12,12,25,straight up,,FALSE
37,20220204,15,3,15,1,4.31,1.30,동물의 숲,Animal Crossing,150,12,5,5,straight up,,FALSE
38,20220204,15,3,15,2,4.31,1.30,DS 똑딱시계 코스,DS Tick Tock Clock,150,12,6,11,straight up,,FALSE
39,20220204,15,3,15,3,4.31,1.30,GBA 치즈 랜드,GBA Cheese Land,150,12,5,16,straight up,,FALSE
40,20220204,16,3,12,1,7.90,1.14,네이처 로드,Wild Woods,150,12,2,2,straight up,,FALSE
41,20220204,16,3,12,2,7.90,1.14,키노피오 하버,Toad Harbor,150,12,8,10,straight up,,FALSE
42,20220204,16,3,12,3,7.90,1.14,와리오 스노 마운틴,Mount Wario,150,12,8,18,straight up,,FALSE
43,20220204,17,1,3,1,11.07,1.10,쿵쿵 유적,Thwomp Ruins,200,12,5,5,straight up,,FALSE
44,20220204,18,3,12,1,17.84,1.06,무지개 로드,Rainbow Road,150,12,6,6,straight up,,FALSE
45,20220204,18,3,12,2,17.84,1.06,익사이트 바이크,Excitebike Arena,150,11,9,15,straight up,,FALSE
46,20220204,19,3,15,1,8.98,1.13,동물의 숲,Animal Crossing,150,11,5,5,straight up,,FALSE
47,20220204,19,3,15,2,8.98,1.13,무지개 로드,Rainbow Road,150,11,9,14,straight up,,FALSE
48,20220204,19,3,15,3,8.98,1.13,N64 요시 밸리,N64 Yoshi Valley,150,12,8,22,straight up,,FALSE
49,20220204,20,3,15,1,3.30,1.43,동물의 숲,Animal Crossing,150,12,3,3,straight up,,TRUE
50,20220204,20,3,15,2,3.30,1.43,Wii 음매음매 컨트리,Wii Moo Moo Meadows,150,12,3,6,straight up,,TRUE
51,20220204,20,3,15,3,3.30,1.43,3DS 뻐끔 슬라이더,3DS Piranha Plant Slide,150,6,1,7,straight up,,TRUE
52,20220204,21,3,15,1,1.53,2.89,GBA 마리오 서킷,GBA Mario Circuit,150,7,6,6,underdog,,FALSE
53,20220204,21,3,15,2,1.53,2.89,Wii 와리오 광산,Wii Wario's Gold Mine,150,12,6,12,underdog,,FALSE
54,20220204,21,3,15,3,1.53,2.89,드래곤 드리프트 로드,Dragon Driftway,150,11,4,16,underdog,,FALSE
55,20220204,22,3,12,1,7.49,1.15,N64 요시 밸리,N64 Yoshi Valley,150,12,8,8,straight up,,FALSE
56,20220204,22,3,12,2,7.49,1.15,무지개 로드,Rainbow Road,150,11,8,16,straight up,,FALSE
57,20220204,23,1,3,1,3.63,1.38,GC 베이비 파크,GC Baby Park,150,12,6,6,straight up,,FALSE
58,20220526,1,3,20,1,2.61,1.62,뮤트 시티,Mute City,150,9,2,2,underdog,,TRUE
59,20220526,1,3,20,2,2.61,1.62,SFC 도넛 평야 3,SFC Dount Plains 3,150,12,5,7,underdog,,TRUE
60,20220526,2,3,18,1,1.87,2.15,스카이 가든,Cloudtop Cruise,150,11,8,8,underdog,,FALSE
61,20220526,2,3,18,2,1.87,2.15,네이처 로드,Wild Woods,150,12,12,20,underdog,,FALSE
62,20220526,3,3,20,1,1.77,2.31,슈퍼 벨 메트로,Super Bell Subway,150,9,8,8,straight up,,TRUE
63,20220526,3,3,20,2,1.77,2.31,3DS DK 정글,3DS DK Jungle,150,6,5,13,straight up,,TRUE
64,20220526,3,3,20,3,1.77,2.31,GBA 스카이 가든,GBA Sky Garden,150,8,4,17,straight up,,TRUE
65,20220526,4,3,20,1,2.07,1.93,스위트 캐니언,Sweet Sweet Canyon,150,10,5,5,underdog,,TRUE
66,20220526,4,3,20,2,2.07,1.93,익사이트 바이크,Excitebike Arena,150,12,4,9,underdog,,TRUE
67,20220526,4,3,20,3,2.07,1.93,Tour 도쿄 블러,Tour Tokyo Blur,150,12,4,13,underdog,,TRUE
68,20220526,5,3,15,1,4.73,1.27,와리오 스노 마운틴,Mount Wario,150,12,7,7,straight up,,FALSE
69,20220526,5,3,15,2,4.73,1.27,스카이 가든,Cloudtop Cruise,mirror,11,2,9,straight up,,FALSE
70,20220526,5,3,15,3,4.73,1.27,Tour 닌자 도장,Tour Ninja Hideway,150,12,11,20,straight up,,FALSE
71,20220526,6,3,15,1,3.38,1.42,와리오 스노 마운틴,Mount Wario,150,11,6,6,straight up,,FALSE
72,20220526,6,3,15,2,3.38,1.42,키노피오 하버,Toad Harbor,150,10,3,9,straight up,,FALSE
73,20220526,6,3,15,3,3.38,1.42,마리오 카트 스타디움,Mario Kart Stadium,150,12,9,18,straight up,,FALSE
74,20220526,7,3,15,1,3.12,1.47,뮤트 시티,Mute City,150,12,4,4,straight up,,FALSE
75,20220526,7,3,15,2,3.12,1.47,GC 요시 서킷,GC Yoshi's Circuit,150,12,7,11,straight up,,FALSE
76,20220526,7,3,15,3,3.12,1.47,네이처 로드,Wild Woods,150,10,6,17,straight up,,FALSE
77,20220526,8,1,fix(etc),1,1.20,13.23/11.18,Wii 코코넛 몰,Wii Coconut Mall,150,12,9,9,,ACC,
78,20220526,9,1,fix(etc),1,1.62,21.04/11.30/6.33/11.06,익사이트 바이크,Excitebike Arena,150,12,7,7,,ACC,
79,20220526,10,1,fix(etc),1,1.52,16.16/15.13/13.19/7.26,네이처 로드,Wild Woods,150,12,7,7,,ACC,
80,20220526,11,1,fix(etc),1,1.37,23.16/16.63/13.02/11.26,DS 뽀꾸뽀꾸 비치,DS Cheep Cheep Beach,150,12,7,7,,ACC,
81,20220526,12,1,fix(3),1,15.43,14.55/17.80/8.05/1.46,동물의 숲,Animal Crossing,150,12,3,3,,ACC,
82,20220722,1,3,15,1,5.48,1.22,마리오 카트 스타디움,Mario Kart Stadium,150,11,7,7,straight up,,FALSE
83,20220722,1,3,15,2,5.48,1.22,쿵쿵 유적,Thwomp Ruins,150,12,5,12,straight up,,FALSE
84,20220722,1,3,15,3,5.48,1.22,3DS 뻐끔 슬라이더,3DS Piranha Plant Slide,150,12,8,20,straight up,,FALSE
85,20220722,2,3,15,1,5.85,1.21,Wii 음매음매 컨트리,Wii Moo Moo Meadows,200,12,8,8,,CANCEL,
86,20220722,2,3,15,2,5.85,1.21,Tour 도쿄 블러,Tour Tokyo Blur,150,12,1,9,,CANCEL,
87,20220722,3,3,15,1,2.51,1.66,무지개 로드,Rainbow Road,150,11,3,3,straight up,,FALSE
88,20220722,3,3,15,2,2.51,1.66,N64 무지개 로드,N64 Rainbow Road,150,12,7,10,straight up,,FALSE
89,20220722,3,3,15,3,2.51,1.66,3DS DK 정글,3DS DK Jungle,150,11,8,18,straight up,,FALSE
90,20220722,4,3,15,1,2.30,1.77,슈퍼 벨 메트로,Super Bell Subway,150,10,1,1,underdog,,TRUE
91,20220722,4,3,15,2,2.30,1.77,N64 피치 서킷,N64 Royal Raceway,150,12,6,7,underdog,,TRUE
92,20220722,4,3,15,3,2.30,1.77,Wii 와리오 광산,Wii Wario's Gold Mine,150,10,2,9,underdog,,TRUE
93,20220722,5,3,15,1,2.51,1.66,미끌미끌 트위스터,Ice Ice Outpost,150,12,6,6,straight up,,FALSE
94,20220722,5,3,15,2,2.51,1.66,선샤인 공항,Sunshine Airport,150,12,8,14,straight up,,FALSE
95,20220722,5,3,15,3,2.51,1.66,GC 요시 서킷,GC Yoshi's Circuit,150,12,7,21,straight up,,FALSE
96,20220722,6,3,15,1,3.25,1.45,동물의 숲,Animal Crossing,150,12,10,10,straight up,,FALSE
97,20220722,6,3,15,2,3.25,1.45,선샤인 공항,Sunshine Airport,150,12,6,16,straight up,,FALSE
98,20220722,7,3,15,1,4.10,1.32,N64 피치 서킷,N64 Royal Raceway,150,12,3,3,underdog,,TRUE
99,20220722,7,3,15,2,4.10,1.32,Wii 코코넛 몰,Wii Coconut Mall,150,10,8,11,underdog,,TRUE
100,20220722,7,3,15,3,4.10,1.32,GC 요시 서킷,GC Yoshi's Circuit,150,12,4,15,underdog,,TRUE
101,20220722,8,3,15,1,2.86,1.54,하이랄 서킷,Hyrule Circuit,150,12,10,10,straight up,,FALSE
102,20220722,8,3,15,2,2.86,1.54,드래곤 드리프트 로드,Dragon Driftway,150,11,9,19,straight up,,FALSE
103,20220722,9,3,15,1,3.03,1.49,Tour 닌자 도장,Tour Ninja Hideway,150,12,7,7,straight up,,FALSE
104,20220722,9,3,15,2,3.03,1.49,SFC 도넛 평야 3,SFC Dount Plains 3,150,12,1,8,straight up,,FALSE
105,20220722,10,3,15,1,4.00,1.33,GBA 스카이 가든,GBA Sky Garden,150,12,6,6,straight up,,FALSE
106,20220722,10,3,15,2,4.00,1.33,N64 무지개 로드,N64 Rainbow Road,150,12,10,16,straight up,,FALSE
107,20220722,11,3,15,1,4.30,1.30,3DS 네오 쿠파 시티,3DS Neo Bowser City,150,12,5,5,straight up,,FALSE
108,20220722,11,3,15,2,4.30,1.30,GBA 치즈 랜드,GBA Cheese Land,200,11,6,11,straight up,,FALSE
109,20220722,11,3,15,3,4.30,1.30,네이처 로드,Wild Woods,150,12,7,18,straight up,,FALSE
110,20220722,12,3,15,1,3.24,1.45,돌핀 케이프,Dolphin Shoals,150,12,11,11,straight up,,FALSE
111,20220722,12,3,15,2,3.24,1.45,익사이트 바이크,Excitebike Arena,150,11,6,17,straight up,,FALSE
112,20220722,13,3,15,1,4.29,1.30,무지개 로드,Rainbow Road,150,12,6,6,underdog,,TRUE
113,20220722,13,3,15,2,4.29,1.30,GBA 리본 로드,GBA Ribbon Road,150,9,3,9,underdog,,TRUE
114,20220722,13,3,15,3,4.29,1.30,GBA 마리오 서킷,GBA Mario Circuit,150,10,4,13,underdog,,TRUE
115,20220722,14,3,10,1,8.99,1.13,네이처 로드,Wild Woods,150,11,6,6,straight up,,FALSE
116,20220722,14,3,10,2,8.99,1.13,뼈다귀 사막,Bone Dry Dunes,150,8,2,8,straight up,,FALSE
117,20220722,14,3,10,3,8.99,1.13,GC 셔벗 랜드,GC Sherbet Land,150,7,5,13,straight up,,FALSE
118,20220722,15,3,10,1,7.32,1.16,슈퍼 벨 메트로,Super Bell Subway,150,12,5,5,straight up,,FALSE
119,20220722,15,3,10,2,7.32,1.16,GBA 스카이 가든,GBA Sky Garden,150,12,8,13,straight up,,FALSE
120,20220722,16,3,10,1,8.11,1.14,3DS 키노피오 서킷,3DS Toad Circuit,150,11,1,1,underdog,,TRUE
121,20220722,16,3,10,2,8.11,1.14,N64 요시 밸리,N64 Yoshi Valley,150,11,5,6,underdog,,TRUE
122,20220722,16,3,10,3,8.11,1.14,Wii 이글이글 화산,Wii Grumble Volcano,200,12,4,10,underdog,,TRUE
123,20220805,1,3,15,1,5.07,1.25,Tour 시드니 스프린트,Tour Sydney Sprint,150,12,11,11,straight up,,FALSE
124,20220805,1,3,15,2,5.07,1.25,Tour 뉴욕 미닛,Tour New York Minute,150,12,1,12,straight up,,FALSE
125,20220805,1,3,15,3,5.07,1.25,GBA 스노우 랜드,GBA Snow Land,150,12,11,23,straight up,,FALSE
126,20220805,2,3,15,1,4.51,1.28,DS 와루이지 핀볼,DS Walluigi Pinball,150,12,7,7,straight up,,FALSE
127,20220805,2,3,15,2,4.51,1.28,N64 바싹바싹 사막,N64 Kalimari Desert,150,10,9,16,straight up,,FALSE
128,20220805,3,3,15,1,1.43,3.34,비틀어진 맨션,Twisted Mansion,150,4,2,2,straight up,,TRUE
129,20220805,3,3,15,2,1.43,3.34,Tour 시드니 스프린트,Tour Sydney Sprint,150,7,6,8,straight up,,TRUE
130,20220805,3,3,15,3,1.43,3.34,N64 무지개 로드,N64 Rainbow Road,150,10,7,15,straight up,,TRUE
131,20220805,4,3,15,1,3.88,1.35,Tour 뉴욕 미닛,Tour New York Minute,150,9,5,5,straight up,,FALSE
132,20220805,4,3,15,2,3.88,1.35,3DS 네오 쿠파 시티,3DS Neo Bowser City,150,12,5,10,straight up,,FALSE
133,20220805,4,3,15,3,3.88,1.35,DS 와루이지 핀볼,DS Walluigi Pinball,150,10,6,16,straight up,,FALSE
134,20220805,5,3,15,1,3.58,1.39,Tour 도쿄 블러,Tour Tokyo Blur,150,12,3,3,straight up,,FALSE
135,20220805,5,3,15,2,3.58,1.39,SFC 마리오 서킷 3,SFC Mario Circuit 3,150,11,9,12,straight up,,FALSE
136,20220805,5,3,15,3,3.58,1.39,드래곤 드리프트 로드,Dragon Driftway,150,12,4,16,straight up,,FALSE
137,20220805,6,3,15,1,3.88,1.35,N64 바싹바싹 사막,N64 Kalimari Desert,150,12,1,1,underdog,,TRUE
138,20220805,6,3,15,2,3.88,1.35,3DS DK 정글,3DS DK Jungle,150,11,1,2,underdog,,TRUE
139,20220805,7,3,15,1,3.54,1.39,Wii 버섯 캐니언,Wii Mushroom Gorge,150,12,9,9,straight up,,FALSE
140,20220805,7,3,15,2,3.54,1.39,DS 와루이지 핀볼,DS Walluigi Pinball,150,12,5,14,straight up,,FALSE
141,20220805,7,3,15,3,3.54,1.39,아이스크림 빌딩,Sky-High Sundae,150,12,8,22,straight up,,FALSE
142,20220805,8,3,15,1,2.16,1.86,N64 피치 서킷,N64 Royal Raceway,150,4,2,2,underdog,,TRUE
143,20220805,8,3,15,2,2.16,1.86,DS 와루이지 핀볼,DS Walluigi Pinball,150,6,4,6,underdog,,TRUE
144,20220805,8,3,15,3,2.16,1.86,Wii 음매음매 컨트리,Wii Moo Moo Meadows,150,6,3,9,underdog,,TRUE
145,20220805,9,3,15,1,1.86,2.16,GC 요시 서킷,GC Yoshi's Circuit,150,9,3,3,underdog,,FALSE
146,20220805,9,3,15,2,1.86,2.16,Wii 와리오 광산,Wii Wario's Gold Mine,mirror,11,10,13,underdog,,FALSE
147,20220805,9,3,15,3,1.86,2.16,N64 무지개 로드,N64 Rainbow Road,150,12,6,19,underdog,,FALSE
148,20220805,10,3,15,1,3.48,1.40,SFC 마리오 서킷 3,SFC Mario Circuit 3,150,10,8,8,straight up,,FALSE
149,20220805,10,3,15,2,3.48,1.40,GBA 스노우 랜드,GBA Snow Land,150,12,8,16,straight up,,FALSE
150,20220805,11,3,15,1,4.56,1.28,익사이트 바이크,Excitebike Arena,mirror,11,1,1,underdog,,TRUE
151,20220805,11,3,15,2,4.56,1.28,Tour 시드니 스프린트,Tour Sydney Sprint,150,12,6,7,underdog,,TRUE
152,20220805,11,3,15,3,4.56,1.28,무지개 로드,Rainbow Road,mirror,11,7,14,underdog,,TRUE
153,20220805,12,3,15,1,3.64,1.38,Tour 뉴욕 미닛,Tour New York Minute,150,12,1,1,straight up,,FALSE
154,20220805,12,3,15,2,3.64,1.38,DS 뽀꾸뽀꾸 비치,DS Cheep Cheep Beach,150,12,11,12,straight up,,FALSE
155,20220805,12,3,15,3,3.64,1.38,N64 요시 밸리,N64 Yoshi Valley,150,12,12,24,straight up,,FALSE
156,20220805,13,3,15,1,4.66,1.27,Wii 버섯 캐니언,Wii Mushroom Gorge,150,12,4,4,underdog,,TRUE
157,20220805,13,3,15,2,4.66,1.27,SFC 마리오 서킷 3,SFC Mario Circuit 3,150,11,1,5,underdog,,TRUE
158,20220805,13,3,15,3,4.66,1.27,미끌미끌 트위스터,Ice Ice Outpost,150,12,5,10,underdog,,TRUE
159,20220805,14,3,10,1,6.84,1.17,N64 피치 서킷,N64 Royal Raceway,150,12,10,10,straight up,,FALSE
160,20220805,15,3,10,1,7.42,1.16,Tour 시드니 스프린트,Tour Sydney Sprint,200,12,8,8,straight up,,FALSE
161,20220805,15,3,10,2,7.42,1.16,헤이호 광산,Shy Guy Falls,150,12,10,18,straight up,,FALSE
162,20220805,16,3,15,1,3.96,1.34,Tour 파리 산책로,Tour Paris Promenade,150,12,7,7,straight up,,FALSE
163,20220805,16,3,15,2,3.96,1.34,Wii 버섯 캐니언,Wii Mushroom Gorge,150,12,6,13,straight up,,FALSE
164,20220805,16,3,15,3,3.96,1.34,와리오 스노 마운틴,Mount Wario,150,12,6,19,straight up,,FALSE
165,20220805,17,3,15,1,3.36,1.42,3DS 뻐끔 슬라이더,3DS Piranha Plant Slide,150,12,3,3,underdog,,TRUE
166,20220805,17,3,15,2,3.36,1.42,DS 와리오 스타디움,DS Wario Stardium,150,12,9,12,underdog,,TRUE
167,20220805,17,3,15,3,3.36,1.42,익사이트 바이크,Excitebike Arena,150,12,2,14,underdog,,TRUE
168,20221013,1,3,20,1,2.56,1.64,미끌미끌 트위스터,Ice Ice Outpost,200,11,8,8,underdog,,TRUE
169,20221013,1,3,20,2,2.56,1.64,Tour 도쿄 블러,Tour Tokyo Blur,150,11,9,17,underdog,,TRUE
170,20221013,1,3,20,3,2.56,1.64,마리오 서킷,Mario Circuit,150,11,2,19,underdog,,TRUE
171,20221013,2,3,20,1,2.33,1.75,슈퍼 벨 메트로,Super Bell Subway,150,12,12,12,straight up,,FALSE
172,20221013,2,3,20,2,2.33,1.75,DS 똑딱시계 코스,DS Tick Tock Clock,150,12,7,19,straight up,,FALSE
173,20221013,2,3,20,3,2.33,1.75,DS 와루이지 핀볼,DS Walluigi Pinball,150,11,3,22,straight up,,FALSE
174,20221013,3,3,20,1,1.85,2.18,3DS 뻐끔 슬라이더,3DS Piranha Plant Slide,150,12,6,6,underdog,,FALSE
175,20221013,3,3,20,2,1.85,2.18,일렉트로 드림,Electrodrome,150,10,10,16,underdog,,FALSE
176,20221013,3,3,20,3,1.85,2.18,3DS 네오 쿠파 시티,3DS Neo Bowser City,150,12,8,24,underdog,,FALSE
177,20221013,4,3,20,1,2.74,1.57,아이스크림 빌딩,Sky-High Sundae,150,11,5,5,straight up,,FALSE
178,20221013,4,3,20,2,2.74,1.57,DS 와루이지 핀볼,DS Walluigi Pinball,150,12,10,15,straight up,,FALSE
179,20221013,4,3,20,3,2.74,1.57,Tour 닌자 도장,Tour Ninja Hideway,150,12,10,25,straight up,,FALSE
180,20221013,5,3,20,1,2.53,1.65,Wii 버섯 캐니언,Wii Mushroom Gorge,150,12,11,11,straight up,,FALSE
181,20221013,5,3,20,2,2.53,1.65,N64 피치 서킷,N64 Royal Raceway,150,12,12,23,straight up,,FALSE
182,20221013,6,3,20,1,2.73,1.58,익사이트 바이크,Excitebike Arena,150,11,1,1,underdog,,TRUE
183,20221013,6,3,20,2,2.73,1.58,N64 무지개 로드,N64 Rainbow Road,150,12,9,10,underdog,,TRUE
184,20221013,6,3,20,3,2.73,1.58,아이스크림 빌딩,Sky-High Sundae,200,12,10,20,underdog,,TRUE
185,20221013,7,3,20,1,2.48,1.67,GC 셔벗 랜드,GC Sherbet Land,150,9,9,9,underdog,,TRUE
186,20221013,7,3,20,2,2.48,1.67,마리오 카트 스타디움,Mario Kart Stadium,150,11,7,16,underdog,,TRUE
187,20221013,7,3,20,3,2.48,1.67,Tour 파리 산책로,Tour Paris Promenade,150,9,1,17,underdog,,TRUE
188,20221013,8,3,20,1,1.90,2.11,N64 요시 밸리,N64 Yoshi Valley,150,11,10,10,straight up,,TRUE
189,20221013,8,3,20,2,1.90,2.11,N64 바싹바싹 사막,N64 Kalimari Desert,150,11,7,17,straight up,,TRUE
190,20221013,8,3,20,3,1.90,2.11,Wii 코코넛 몰,Wii Coconut Mall,150,8,3,20,straight up,,TRUE
191,20221013,9,3,20,1,2.28,1.78,빅 블루,Big Blue,150,12,12,12,straight up,,FALSE
192,20221013,9,3,20,2,2.28,1.78,키노피오 하버,Toad Harbor,150,12,2,14,straight up,,FALSE
193,20221013,9,3,20,3,2.28,1.78,아이스크림 빌딩,Sky-High Sundae,150,12,11,25,straight up,,FALSE
194,20221013,10,3,15,1,4.66,1.27,N64 무지개 로드,N64 Rainbow Road,150,12,3,3,underdog,,TRUE
195,20221013,10,3,15,2,4.66,1.27,GC 셔벗 랜드,GC Sherbet Land,150,12,10,13,underdog,,TRUE
196,20221013,10,3,15,3,4.66,1.27,익사이트 바이크,Excitebike Arena,150,12,2,15,underdog,,TRUE
197,20221013,11,3,15,1,3.24,1.45,쿵쿵 유적,Thwomp Ruins,150,12,3,3,straight up,,FALSE
198,20221013,11,3,15,2,3.24,1.45,익사이트 바이크,Excitebike Arena,150,12,10,13,straight up,,FALSE
199,20221013,11,3,15,3,3.24,1.45,DS 와루이지 핀볼,DS Walluigi Pinball,150,11,3,16,straight up,,FALSE
200,20221013,12,3,15,1,3.69,1.37,익사이트 바이크,Excitebike Arena,150,12,1,1,underdog,,TRUE
201,20221013,12,3,15,2,3.69,1.37,Wii 음매음매 컨트리,Wii Moo Moo Meadows,150,11,3,4,underdog,,TRUE
202,20221013,12,3,15,3,3.69,1.37,GBA 스노우 랜드,GBA Snow Land,150,11,3,7,underdog,,TRUE
203,20221013,13,3,10,1,9.91,1.11,GBA 리본 로드,GBA Ribbon Road,150,12,4,4,straight up,,FALSE
204,20221013,13,3,10,2,9.91,1.11,무지개 로드,Rainbow Road,mirror,12,6,10,straight up,,FALSE
205,20221013,14,3,15,1,2.88,1.53,스위트 캐니언,Sweet Sweet Canyon,200,12,12,12,straight up,,FALSE
206,20221013,14,3,15,2,2.88,1.53,Tour 뉴욕 미닛,Tour New York Minute,150,12,4,16,straight up,,FALSE
207,20221013,15,3,10,1,6.19,1.19,3DS 키노피오 서킷,3DS Toad Circuit,150,11,5,5,straight up,,FALSE
208,20221013,15,3,10,2,6.19,1.19,3DS 네오 쿠파 시티,3DS Neo Bowser City,150,12,8,13,straight up,,FALSE
209,20221013,16,3,12,1,6.06,1.20,N64 무지개 로드,N64 Rainbow Road,150,11,7,7,straight up,,FALSE
210,20221013,16,3,12,2,6.06,1.20,뮤트 시티,Mute City,mirror,11,6,13,straight up,,FALSE
211,20221013,17,3,15,1,2.85,1.54,DS 와리오 스타디움,DS Wario Stardium,150,12,12,12,straight up,,FALSE
212,20221013,17,3,15,2,2.85,1.54,GBA 치즈 랜드,GBA Cheese Land,150,12,2,14,straight up,,FALSE
213,20221013,17,3,15,3,2.85,1.54,마리오 카트 스타디움,Mario Kart Stadium,150,12,2,16,straight up,,FALSE
214,20221013,18,3,10,1,5.75,1.21,뼈다귀 사막,Bone Dry Dunes,mirror,12,6,6,straight up,,FALSE
215,20221013,18,3,10,2,5.75,1.21,Tour 도쿄 블러,Tour Tokyo Blur,150,11,2,8,straight up,,FALSE
216,20221013,18,3,10,3,5.75,1.21,SFC 무지개 로드,SFC Raindow Road,150,12,11,19,straight up,,FALSE
217,20221013,19,3,12,1,5.19,1.24,드래곤 드리프트 로드,Dragon Driftway,mirror,12,3,3,underdog,,TRUE
218,20221013,19,3,12,2,5.19,1.24,마리오 서킷,Mario Circuit,mirror,11,5,8,underdog,,TRUE
219,20221013,19,3,12,3,5.19,1.24,Tour 시드니 스프린트,Tour Sydney Sprint,200,12,4,12,underdog,,TRUE
220,20221130,1,3,20,1,2.34,1.75,SFC 무지개 로드,SFC Raindow Road,mirror,11,4,4,underdog,,TRUE
221,20221130,1,3,20,2,2.34,1.75,스위트 캐니언,Sweet Sweet Canyon,150,9,4,8,underdog,,TRUE
222,20221130,2,3,15,1,3.92,1.34,뮤트 시티,Mute City,150,12,4,4,straight up,,FALSE
223,20221130,2,3,15,2,3.92,1.34,SFC 마리오 서킷 3,SFC Mario Circuit 3,150,12,8,12,straight up,,FALSE
224,20221130,2,3,15,3,3.92,1.34,Tour 도쿄 블러,Tour Tokyo Blur,mirror,12,12,24,straight up,,FALSE
225,20221130,3,3,15,1,3.84,1.35,하이랄 서킷,Hyrule Circuit,150,12,2,2,underdog,,TRUE
226,20221130,3,3,15,2,3.84,1.35,SFC 마리오 서킷 3,SFC Mario Circuit 3,150,10,2,4,underdog,,TRUE
227,20221130,3,3,15,3,3.84,1.35,DS 와리오 스타디움,DS Wario Stardium,150,12,3,7,underdog,,TRUE
228,20221130,4,3,10,1,8.37,1.14,N64 피치 서킷,N64 Royal Raceway,150,11,10,10,straight up,,FALSE
229,20221130,5,3,10,1,8.17,1.14,무지개 로드,Rainbow Road,150,11,2,2,straight up,,FALSE
230,20221130,5,3,10,2,8.17,1.14,Wii 버섯 캐니언,Wii Mushroom Gorge,150,11,5,7,straight up,,FALSE
231,20221130,5,3,10,3,8.17,1.14,Wii 코코넛 몰,Wii Coconut Mall,150,11,5,12,straight up,,FALSE
232,20221130,6,3,12,1,4.04,1.33,DS 버섯 고개,DS Shroom Ridge,200,10,4,4,straight up,,FALSE
233,20221130,6,3,12,2,4.04,1.33,3DS 뮤직 파크,3DS Music Park,150,9,4,8,straight up,,FALSE
234,20221130,6,3,12,3,4.04,1.33,N64 초코 마운틴,N64 Choco Mountain,150,11,5,13,straight up,,FALSE
235,20221130,7,3,12,1,2.26,1.79,GBA 치즈 랜드,GBA Cheese Land,200,11,8,8,underdog,,TRUE
236,20221130,7,3,12,2,2.26,1.79,Tour 도쿄 블러,Tour Tokyo Blur,150,9,1,9,underdog,,TRUE
237,20221130,7,3,12,3,2.26,1.79,GBA 스카이 가든,GBA Sky Garden,150,9,1,10,underdog,,TRUE
238,20221130,8,3,5,1,15.91,1.07,키노피오 하버,Toad Harbor,150,9,5,5,straight up,,FALSE
239,20221130,9,3,5,1,16.49,1.06,GC 바싹바싹 사막,GC Dry Dry Desert,150,12,5,5,straight up,,FALSE
240,20221130,10,under 3,1,1,6.07,1.20,N64 요시 밸리,N64 Yoshi Valley,150,12,7,7,straight up,,FALSE
241,20221130,10,under 3,1,2,6.07,1.20,Wii 음매음매 컨트리,Wii Moo Moo Meadows,150,11,7,7,straight up,,FALSE
242,20221130,10,under 3,1,3,6.07,1.20,선샤인 공항,Sunshine Airport,200,12,9,9,straight up,,FALSE
243,20221130,11,under 3,1,1,5.71,1.21,GBA 스카이 가든,GBA Sky Garden,150,11,10,10,straight up,,FALSE
244,20221130,11,under 3,1,2,5.71,1.21,3DS 키노피오 서킷,3DS Toad Circuit,150,11,2,2,straight up,,FALSE
245,20221130,11,under 3,1,3,5.71,1.21,N64 초코 마운틴,N64 Choco Mountain,150,11,9,9,straight up,,FALSE
246,20221130,12,under 4,1,1,3.99,1.33,Wii 와리오 광산,Wii Wario's Gold Mine,200,10,9,9,straight up,,FALSE
247,20221130,12,under 4,1,2,3.99,1.33,Wii 코코넛 몰,Wii Coconut Mall,150,12,8,8,straight up,,FALSE
248,20221130,12,under 4,1,3,3.99,1.33,GBA 마리오 서킷,GBA Mario Circuit,150,11,2,2,straight up,,FALSE
249,20221130,12,under 4,1,4,3.99,1.33,하이랄 서킷,Hyrule Circuit,150,9,3,3,straight up,,FALSE
250,20221130,13,under 3,1,1,3.24,1.45,N64 피치 서킷,N64 Royal Raceway,150,10,1,1,underdog,,TRUE
251,20221130,14,under 3,1,1,3.31,1.43,SFC 도넛 평야 3,SFC Dount Plains 3,150,12,12,12,underdog,,TRUE
252,20221130,14,under 3,1,2,3.31,1.43,Tour 도쿄 블러,Tour Tokyo Blur,150,12,1,1,underdog,,TRUE
253,20221223,1,3,20,1,1.65,2.54,N64 피치 서킷,N64 Royal Raceway,150,11,5,5,underdog,,FALSE
254,20221223,1,3,20,2,1.65,2.54,헤이호 광산,Shy Guy Falls,150,11,11,16,underdog,,FALSE
255,20221223,1,3,20,3,1.65,2.54,GC 셔벗 랜드,GC Sherbet Land,150,12,7,23,underdog,,FALSE
256,20221223,2,3,20,1,1.52,2.93,DS 버섯 고개,DS Shroom Ridge,150,10,6,6,straight up,,TRUE
257,20221223,2,3,20,2,1.52,2.93,DS 피치 가든,DS Peach Gardens,mirror,11,3,9,straight up,,TRUE
258,20221223,2,3,20,3,1.52,2.93,3DS 네오 쿠파 시티,3DS Neo Bowser City,150,11,5,14,straight up,,TRUE
259,20221223,3,3,15,1,2.42,1.70,미끌미끌 트위스터,Ice Ice Outpost,150,12,3,3,underdog,,TRUE
260,20221223,3,3,15,2,2.42,1.70,뼈다귀 사막,Bone Dry Dunes,150,12,5,8,underdog,,TRUE
261,20221223,3,3,15,3,2.42,1.70,GBA 스카이 가든,GBA Sky Garden,mirror,10,6,14,underdog,,TRUE
262,20221223,4,3,10,1,14.64,1.07,일렉트로 드림,Electrodrome,150,12,5,5,straight up,,FALSE
263,20221223,4,3,10,2,14.64,1.07,N64 피치 서킷,N64 Royal Raceway,150,11,8,13,straight up,,FALSE
264,20221223,5,3,10,1,5.61,1.22,쿵쿵 유적,Thwomp Ruins,150,9,2,2,straight up,,FALSE
265,20221223,5,3,10,2,5.61,1.22,쿠파 성,Bowser's Castle,mirror,12,11,13,straight up,,FALSE
266,20221223,6,3,10,1,7.74,1.15,Wii 단풍나무 로드,Wii Maple Treeway,150,11,5,5,straight up,,FALSE
267,20221223,6,3,10,2,7.74,1.15,일렉트로 드림,Electrodrome,150,12,2,7,straight up,,FALSE
268,20221223,6,3,10,3,7.74,1.15,동물의 숲,Animal Crossing,150,12,8,15,straight up,,FALSE
269,20221223,7,1,3,1,2.48,1.68,Wii 코코넛 몰,Wii Coconut Mall,150,12,5,5,straight up,,FALSE
270,20221223,8,1,3,1,2.69,1.59,GBA 리본 로드,GBA Ribbon Road,mirror,12,10,10,straight up,,FALSE
271,20221223,9,1,3,1,4.04,1.33,DS 피치 가든,DS Peach Gardens,150,11,2,2,underdog,,TRUE
272,20230221,1,3,20,1,1.93,2.08,드래곤 드리프트 로드,Dragon Driftway,150,12,8,8,underdog,,FALSE
273,20230221,1,3,20,2,1.93,2.08,GC 셔벗 랜드,GC Sherbet Land,150,11,11,19,underdog,,FALSE
274,20230221,1,3,20,3,1.93,2.08,Tour 런던 루프,Tour London Loop,150,12,12,31,underdog,,FALSE
275,20230221,2,3,20,1,2.50,1.67,익사이트 바이크,Excitebike Arena,150,12,1,1,underdog,,TRUE
276,20230221,2,3,20,2,2.50,1.67,GBA 마리오 서킷,GBA Mario Circuit,150,12,10,11,underdog,,TRUE
277,20230221,2,3,20,3,2.50,1.67,Wii 음매음매 컨트리,Wii Moo Moo Meadows,mirror,12,2,13,underdog,,TRUE
278,20230221,3,3,15,1,3.53,1.40,스위트 캐니언,Sweet Sweet Canyon,150,12,9,9,underdog,,TRUE
279,20230221,3,3,15,2,3.53,1.40,N64 피치 서킷,N64 Royal Raceway,150,9,2,11,underdog,,TRUE
280,20230221,3,3,15,3,3.53,1.40,Wii 코코넛 몰,Wii Coconut Mall,150,8,4,15,underdog,,TRUE
281,20230221,4,3,15,1,4.10,1.32,Tour 메리 마운틴,Tour Merry Mountain,150,12,9,9,straight up,,FALSE
282,20230221,4,3,15,2,4.10,1.32,DS 와루이지 핀볼,DS Walluigi Pinball,150,12,12,21,straight up,,FALSE
283,20230221,5,3,15,1,5.39,1.23,쿠파 성,Bowser's Castle,mirror,12,7,7,straight up,,FALSE
284,20230221,5,3,15,2,5.39,1.23,GBA 마리오 서킷,GBA Mario Circuit,mirror,12,11,18,straight up,,FALSE
285,20230407,1,3,20,1,1.84,2.19,Wii 버섯 캐니언,Wii Mushroom Gorge,150,11,1,1,straight up,,TRUE
286,20230407,1,3,20,2,1.84,2.19,GC 베이비 파크,GC Baby Park,150,12,11,12,straight up,,TRUE
287,20230407,1,3,20,3,1.84,2.19,키노피오 하버,Toad Harbor,150,12,5,17,straight up,,TRUE
288,20230407,2,3,15,1,4.25,1.31,Wii 단풍나무 로드,Wii Maple Treeway,150,12,5,5,underdog,,TRUE
289,20230407,2,3,15,2,4.25,1.31,키노피오 하버,Toad Harbor,150,10,4,9,underdog,,TRUE
290,20230407,2,3,15,3,4.25,1.31,Tour 베를린 샛길,Tour Berlin Byways,150,10,4,13,underdog,,TRUE
291,20230407,3,3,15,1,3.50,1.40,미끌미끌 트위스터,Ice Ice Outpost,150,12,5,5,underdog,,TRUE
292,20230407,3,3,15,2,3.50,1.40,와리오 스노 마운틴,Mount Wario,200,12,6,11,underdog,,TRUE
293,20230407,3,3,15,3,3.50,1.40,아이스크림 빌딩,Sky-High Sundae,150,10,2,13,underdog,,TRUE
294,20230407,4,3,10,1,7.90,1.14,스위트 캐니언,Sweet Sweet Canyon,150,11,3,3,straight up,,FALSE
295,20230407,4,3,10,2,7.90,1.14,스카이 가든,Cloudtop Cruise,150,11,6,9,straight up,,FALSE
296,20230407,4,3,10,3,7.90,1.14,3DS 록 록 마운틴,3DS Rock Rock Mountain,200,12,12,21,straight up,,FALSE
297,20230407,5,3,15,1,3.18,1.46,DS 마리오 서킷,DS Mario Circuit,200,12,10,10,straight up,,FALSE
298,20230407,5,3,15,2,3.18,1.46,DS 피치 가든,DS Peach Gardens,150,12,9,19,straight up,,FALSE
299,20230407,6,3,15,1,5.75,1.21,마리오 카트 스타디움,Mario Kart Stadium,150,11,5,5,underdog,,TRUE
300,20230407,6,3,15,2,5.75,1.21,N64 무지개 로드,N64 Rainbow Road,150,11,6,11,underdog,,TRUE
301,20230407,6,3,15,3,5.75,1.21,N64 요시 밸리,N64 Yoshi Valley,150,11,4,15,underdog,,TRUE
302,20230407,7,3,12,1,7.28,1.16,DS 와루이지 핀볼,DS Walluigi Pinball,150,10,9,9,straight up,,FALSE
303,20230407,7,3,12,2,7.28,1.16,쿵쿵 유적,Thwomp Ruins,150,12,9,18,straight up,,FALSE
304,20230407,8,3,12,1,5.55,1.22,Tour 방콕 러시,Tour Bangkok Rush,150,12,6,6,straight up,,FALSE
305,20230407,8,3,12,2,5.55,1.22,Tour 뉴욕 미닛,Tour New York Minute,150,10,2,8,straight up,,FALSE
306,20230407,8,3,12,3,5.55,1.22,Wii 와리오 광산,Wii Wario's Gold Mine,150,10,7,15,straight up,,FALSE
307,20230414,1,3,20,1,1.46,3.16,Tour 뉴욕 미닛,Tour New York Minute,200,12,12,12,,NOT OPEN,
308,20230414,1,3,20,2,1.46,3.16,Tour 시드니 스프린트,Tour Sydney Sprint,150,12,10,22,,NOT OPEN,
309,20230414,2,3,20,1,2.03,1.97,GBA 스카이 가든,GBA Sky Garden,150,12,4,4,underdog,,TRUE
310,20230414,2,3,20,2,2.03,1.97,Tour 파리 산책로,Tour Paris Promenade,150,12,3,7,underdog,,TRUE
311,20230414,3,3,15,1,3.33,1.43,Tour 암스테르담 해류,Tour Amsterdam Drift,150,12,6,6,straight up,,FALSE
312,20230414,3,3,15,2,3.33,1.43,GBA 리본 로드,GBA Ribbon Road,150,11,11,17,straight up,,FALSE
313,20230414,4,3,12,1,7.56,1.15,Wii 버섯 캐니언,Wii Mushroom Gorge,150,12,3,3,straight up,,FALSE
314,20230414,4,3,12,2,7.56,1.15,SFC 무지개 로드,SFC Raindow Road,150,12,8,11,straight up,,FALSE
315,20230414,4,3,12,3,7.56,1.15,뮤트 시티,Mute City,150,12,4,15,straight up,,FALSE
316,20230414,5,3,15,1,2.59,1.63,N64 피치 서킷,N64 Royal Raceway,150,12,1,1,underdog,,TRUE
317,20230414,5,3,15,2,2.59,1.63,빅 블루,Big Blue,150,12,8,9,underdog,,TRUE
318,20230414,5,3,15,3,2.59,1.63,네이처 로드,Wild Woods,150,12,4,13,underdog,,TRUE
319,20230414,6,3,12,1,3.79,1.36,GBA 리버사이드 파크,GBA Riverside Park,150,12,5,5,straight up,,FALSE
320,20230414,6,3,12,2,3.79,1.36,GBA 부끄부끄 호수,GBA Boo Lake,mirror,12,5,10,straight up,,FALSE
321,20230414,6,3,12,3,3.79,1.36,Tour 방콕 러시,Tour Bangkok Rush,150,12,10,20,straight up,,FALSE
322,20230414,7,3,15,1,2.48,1.68,동물의 숲,Animal Crossing,150,12,10,10,straight up,,FALSE
323,20230414,7,3,15,2,2.48,1.68,DS 버섯 고개,DS Shroom Ridge,150,12,11,21,straight up,,FALSE
324,20230414,8,3,15,1,3.33,1.43,Wii 단풍나무 로드,Wii Maple Treeway,150,12,7,7,straight up,,FALSE
325,20230414,8,3,15,2,3.33,1.43,네이처 로드,Wild Woods,150,12,11,18,straight up,,FALSE
326,20230414,9,3,15,1,2.34,1.75,DS 마리오 서킷,DS Mario Circuit,150,12,5,5,underdog,,TRUE
327,20230414,9,3,15,2,2.34,1.75,쿵쿵 유적,Thwomp Ruins,150,12,4,9,underdog,,TRUE
328,20230414,9,3,15,3,2.34,1.75,SFC 도넛 평야 3,SFC Dount Plains 3,150,12,5,14,underdog,,TRUE
329,20230414,10,1,3,1,5.03,1.23,Wii 단풍나무 로드,Wii Maple Treeway,150,12,7,7,straight up,,FALSE
330,20230420,1,3,20,1,1.68,2.46,익사이트 바이크,Excitebike Arena,150,11,8,8,underdog,,FALSE
331,20230420,1,3,20,2,1.68,2.46,뮤트 시티,Mute City,150,12,8,16,underdog,,FALSE
332,20230420,1,3,20,3,1.68,2.46,무지개 로드,Rainbow Road,150,12,9,25,underdog,,FALSE
333,20230420,2,3,20,1,1.83,2.21,마리오 서킷,Mario Circuit,150,12,10,10,underdog,,FALSE
334,20230420,2,3,20,2,1.83,2.21,Wii 단풍나무 로드,Wii Maple Treeway,150,12,12,22,underdog,,FALSE
335,20230420,3,3,20,1,2.01,1.99,Tour 메리 마운틴,Tour Merry Mountain,150,12,7,7,straight up,,FALSE
336,20230420,3,3,20,2,2.01,1.99,선샤인 공항,Sunshine Airport,150,10,7,14,straight up,,FALSE
337,20230420,3,3,20,3,2.01,1.99,DS 와리오 스타디움,DS Wario Stardium,150,11,11,25,straight up,,FALSE
338,20230420,4,3,20,1,2.30,1.77,GC 요시 서킷,GC Yoshi's Circuit,150,10,6,6,underdog,,TRUE
339,20230420,4,3,20,2,2.30,1.77,N64 요시 밸리,N64 Yoshi Valley,150,12,1,7,underdog,,TRUE
340,20230420,5,3,15,1,3.75,1.36,GBA 마리오 서킷,GBA Mario Circuit,150,12,5,5,straight up,,FALSE
341,20230420,5,3,15,2,3.75,1.36,선샤인 공항,Sunshine Airport,150,10,4,9,straight up,,FALSE
342,20230420,5,3,15,3,3.75,1.36,3DS 무지개 로드,3DS Rainbow Road,150,11,11,20,straight up,,FALSE
343,20230420,6,3,15,1,2.99,1.50,N64 피치 서킷,N64 Royal Raceway,150,10,8,8,straight up,,FALSE
344,20230420,6,3,15,2,2.99,1.50,쿵쿵 유적,Thwomp Ruins,150,11,7,15,straight up,,FALSE
345,20230420,7,3,15,1,2.52,1.66,DS 피치 가든,DS Peach Gardens,150,11,7,7,straight up,,FALSE
346,20230420,7,3,15,2,2.52,1.66,3DS 뻐끔 슬라이더,3DS Piranha Plant Slide,150,11,8,15,straight up,,FALSE
347,20230420,8,3,17,1,3.35,1.43,슈퍼 벨 메트로,Super Bell Subway,150,12,12,12,straight up,,FALSE
348,20230420,8,3,17,2,3.35,1.43,DS 마리오 서킷,DS Mario Circuit,150,12,10,22,straight up,,FALSE
349,20230420,9,3,17,1,4.25,1.31,스카이 가든,Cloudtop Cruise,150,12,9,9,straight up,,FALSE
350,20230420,9,3,17,2,4.25,1.31,N64 피치 서킷,N64 Royal Raceway,150,12,6,15,straight up,,FALSE
351,20230420,9,3,17,3,4.25,1.31,Tour 런던 루프,Tour London Loop,150,12,11,26,straight up,,FALSE
352,20230420,10,3,20,1,2.40,1.71,DS 마리오 서킷,DS Mario Circuit,mirror,10,9,9,straight up,,FALSE
353,20230420,10,3,20,2,2.40,1.71,GBA 스노우 랜드,GBA Snow Land,150,12,5,14,straight up,,FALSE
354,20230420,10,3,20,3,2.40,1.71,동물의 숲,Animal Crossing,150,12,9,23,straight up,,FALSE
355,20230420,11,3,20,1,3.44,1.41,네이처 로드,Wild Woods,200,10,5,5,straight up,,FALSE
356,20230420,11,3,20,2,3.44,1.41,DS 똑딱시계 코스,DS Tick Tock Clock,150,11,10,15,straight up,,FALSE
357,20230420,11,3,20,3,3.44,1.41,마리오 서킷,Mario Circuit,150,11,7,22,straight up,,FALSE
358,20230420,12,3,20,1,1.88,2.41,Tour 파리 산책로,Tour Paris Promenade,150,11,9,9,straight up,,TRUE
359,20230420,12,3,20,2,1.88,2.41,N64 요시 밸리,N64 Yoshi Valley,200,12,3,12,straight up,,TRUE
360,20230420,12,3,20,3,1.88,2.41,하이랄 서킷,Hyrule Circuit,150,9,5,17,straight up,,TRUE
361,20230420,13,3,15,1,7.04,1.17,쿵쿵 유적,Thwomp Ruins,150,12,12,12,straight up,,FALSE
362,20230420,13,3,15,2,7.04,1.17,마리오 서킷,Mario Circuit,150,12,11,23,straight up,,FALSE
363,20230420,14,3,30,1,1.24,5.24,DS 뽀꾸뽀꾸 비치,DS Cheep Cheep Beach,150,11,8,8,straight up,,TRUE
364,20230420,14,3,30,2,1.24,5.24,Wii 버섯 캐니언,Wii Mushroom Gorge,200,12,11,19,straight up,,TRUE
365,20230420,14,3,30,3,1.24,5.24,GBA 부끄부끄 호수,GBA Boo Lake,150,12,9,28,straight up,,TRUE
366,20230420,15,3,27,1,1.74,2.34,뮤트 시티,Mute City,150,12,5,5,straight up,,TRUE
367,20230420,15,3,27,2,1.74,2.34,돌핀 케이프,Dolphin Shoals,150,12,6,11,straight up,,TRUE
368,20230420,16,3,20,1,4.65,1.27,3DS 뮤직 파크,3DS Music Park,150,12,7,7,underdog,,TRUE
369,20230420,16,3,20,2,4.65,1.27,쿠파 성,Bowser's Castle,150,11,5,12,underdog,,TRUE
370,20230420,16,3,20,3,4.65,1.27,Wii DK 스노보드 경기장,Wii DK Summit,mirror,12,4,16,underdog,,TRUE
371,20230630,1,3,20,1,1.85,2.17,동물의 숲,Animal Crossing,150,11,10,10,underdog,,FALSE
372,20230630,1,3,20,2,1.85,2.17,선샤인 공항,Sunshine Airport,mirror,12,8,18,underdog,,FALSE
373,20230630,1,3,20,3,1.85,2.17,Tour 파리 산책로,Tour Paris Promenade,150,10,3,21,underdog,,FALSE
374,20230630,2,3,20,1,2.07,1.94,3DS 네오 쿠파 시티,3DS Neo Bowser City,150,11,4,4,straight up,,FALSE
375,20230630,2,3,20,2,2.07,1.94,3DS 뻐끔 슬라이더,3DS Piranha Plant Slide,150,12,9,13,straight up,,FALSE
376,20230630,2,3,20,3,2.07,1.94,드래곤 드리프트 로드,Dragon Driftway,150,11,11,24,straight up,,FALSE
377,20230630,3,3,20,1,2.33,1.75,GBA 마리오 서킷,GBA Mario Circuit,150,12,9,9,straight up,,FALSE
378,20230630,3,3,20,2,2.33,1.75,슈퍼 벨 메트로,Super Bell Subway,mirror,12,8,17,straight up,,FALSE
379,20230630,3,3,20,3,2.33,1.75,마리오 서킷,Mario Circuit,150,12,12,29,straight up,,FALSE
380,20230630,4,3,20,1,2.65,1.61,Wii DK 스노보드 경기장,Wii DK Summit,150,11,6,6,underdog,,TRUE
381,20230630,4,3,20,2,2.65,1.61,Wii 이글이글 화산,Wii Grumble Volcano,150,11,3,9,underdog,,TRUE
382,20230630,4,3,20,3,2.65,1.61,SFC 도넛 평야 3,SFC Dount Plains 3,150,12,3,12,underdog,,TRUE
383,20230630,5,3,15,1,6.48,1.18,GBA 리본 로드,GBA Ribbon Road,150,12,9,9,straight up,,FALSE
384,20230630,5,3,15,2,6.48,1.18,요시 아일랜드,Yoshi's Island,150,12,8,17,straight up,,FALSE
385,20230630,6,3,18,1,2.75,1.57,슈퍼 벨 메트로,Super Bell Subway,150,12,7,7,underdog,,TRUE
386,20230630,6,3,18,2,2.75,1.57,GBA 치즈 랜드,GBA Cheese Land,mirror,11,2,9,underdog,,TRUE
387,20230630,6,3,18,3,2.75,1.57,Tour 런던 루프,Tour London Loop,mirror,10,3,12,underdog,,TRUE
388,20230630,7,3,15,1,4.71,1.27,키노피오 하버,Toad Harbor,150,11,6,6,straight up,,FALSE
389,20230630,7,3,15,2,4.71,1.27,GC 셔벗 랜드,GC Sherbet Land,150,12,8,14,straight up,,FALSE
390,20230630,7,3,15,3,4.71,1.27,3DS DK 정글,3DS DK Jungle,150,12,5,19,straight up,,FALSE
391,20230630,8,3,15,1,5.99,1.20,요시 아일랜드,Yoshi's Island,150,11,7,7,straight up,,FALSE
392,20230630,8,3,15,2,5.99,1.20,Tour 런던 루프,Tour London Loop,200,8,6,13,straight up,,FALSE
393,20230630,8,3,15,3,5.99,1.20,GC 셔벗 랜드,GC Sherbet Land,150,10,8,21,straight up,,FALSE
394,20230630,9,3,12,1,9.26,1.12,요시 아일랜드,Yoshi's Island,150,8,3,3,straight up,,FALSE
395,20230630,9,3,12,2,9.26,1.12,GC 바싹바싹 사막,GC Dry Dry Desert,150,12,12,15,straight up,,FALSE
396,20230630,10,3,13,1,8.79,1.13,슈퍼 벨 메트로,Super Bell Subway,150,12,8,8,straight up,,FALSE
397,20230630,10,3,13,2,8.79,1.13,Wii 단풍나무 로드,Wii Maple Treeway,150,12,10,18,straight up,,FALSE
398,20230630,11,3,15,1,5.24,1.24,DS 와리오 스타디움,DS Wario Stardium,150,12,8,8,straight up,,FALSE
399,20230630,11,3,15,2,5.24,1.24,SFC 무지개 로드,SFC Raindow Road,150,12,5,13,straight up,,FALSE
400,20230630,11,3,15,3,5.24,1.24,쿠파 성,Bowser's Castle,150,11,8,21,straight up,,FALSE
401,20230630,12,3,12,1,8.16,1.14,헤이호 광산,Shy Guy Falls,150,11,6,6,straight up,,FALSE
402,20230630,12,3,12,2,8.16,1.14,마리오 서킷,Mario Circuit,150,11,3,9,straight up,,FALSE
403,20230630,12,3,12,3,8.16,1.14,Wii 와리오 광산,Wii Wario's Gold Mine,150,11,8,17,straight up,,FALSE
404,20230630,13,3,10,1,10.14,1.11,DS 똑딱시계 코스,DS Tick Tock Clock,mirror,11,8,8,straight up,,FALSE
405,20230630,13,3,10,2,10.14,1.11,3DS 록 록 마운틴,3DS Rock Rock Mountain,150,9,6,14,straight up,,FALSE
406,20230630,14,3,18,1,2.05,1.95,GC 베이비 파크,GC Baby Park,150,11,2,2,underdog,,TRUE
407,20230630,14,3,18,2,2.05,1.95,마리오 서킷,Mario Circuit,150,12,2,4,underdog,,TRUE
408,20230630,15,3,10,1,8.66,1.13,헤이호 광산,Shy Guy Falls,150,11,2,2,underdog,,TRUE
409,20230630,15,3,10,2,8.66,1.13,Tour 파리 산책로,Tour Paris Promenade,150,11,2,4,underdog,,TRUE
410,20230630,15,3,10,3,8.66,1.13,DS 와루이지 핀볼,DS Walluigi Pinball,150,12,3,7,underdog,,TRUE
411,20230705,1,3,18,1,2.48,1.68,일렉트로 드림,Electrodrome,150,11,10,10,straight up,,FALSE
412,20230705,1,3,18,2,2.48,1.68,Tour 런던 루프,Tour London Loop,150,12,9,19,straight up,,FALSE
413,20230705,2,3,20,1,2.74,1.57,Tour 시드니 스프린트,Tour Sydney Sprint,150,12,4,4,underdog,,TRUE
414,20230705,2,3,20,2,2.74,1.57,N64 무지개 로드,N64 Rainbow Road,150,10,10,14,underdog,,TRUE
415,20230705,2,3,20,3,2.74,1.57,비틀어진 맨션,Twisted Mansion,150,12,1,15,underdog,,TRUE
416,20230705,3,3,15,1,4.89,1.26,SFC 도넛 평야 3,SFC Dount Plains 3,150,11,4,4,straight up,,FALSE
417,20230705,3,3,15,2,4.89,1.26,Wii 버섯 캐니언,Wii Mushroom Gorge,150,12,7,11,straight up,,FALSE
418,20230705,3,3,15,3,4.89,1.26,3DS 네오 쿠파 시티,3DS Neo Bowser City,150,10,10,21,straight up,,FALSE
419,20230705,4,3,15,1,3.27,1.44,3DS 키노피오 서킷,3DS Toad Circuit,150,11,8,8,straight up,,FALSE
420,20230705,4,3,15,2,3.27,1.44,Wii 단풍나무 로드,Wii Maple Treeway,150,11,5,13,straight up,,FALSE
421,20230705,4,3,15,3,3.27,1.44,N64 요시 밸리,N64 Yoshi Valley,150,12,8,21,straight up,,FALSE
422,20230705,5,3,15,1,2.00,2.00,GBA 리본 로드,GBA Ribbon Road,150,7,5,5,straight up,,FALSE
423,20230705,5,3,15,2,2.00,2.00,Wii 음매음매 컨트리,Wii Moo Moo Meadows,150,9,7,12,straight up,,FALSE
424,20230705,5,3,15,3,2.00,2.00,드래곤 드리프트 로드,Dragon Driftway,150,12,8,20,straight up,,FALSE
425,20230705,6,3,12,1,11.35,1.10,쿵쿵 유적,Thwomp Ruins,150,12,5,5,straight up,,FALSE
426,20230705,6,3,12,2,11.35,1.10,스위트 캐니언,Sweet Sweet Canyon,150,11,9,14,straight up,,FALSE
427,20230705,7,3,15,1,4.19,1.31,Tour 싱가포르 스피드웨이,Tour Singapore Speedway,150,12,8,8,straight up,,FALSE
428,20230705,7,3,15,2,4.19,1.31,3DS 네오 쿠파 시티,3DS Neo Bowser City,mirror,12,10,18,straight up,,FALSE
429,20230705,8,3,15,1,7.37,1.16,GBA 스노우 랜드,GBA Snow Land,150,9,7,7,straight up,,FALSE
430,20230705,8,3,15,2,7.37,1.16,DS 뽀꾸뽀꾸 비치,DS Cheep Cheep Beach,150,12,12,19,straight up,,FALSE
431,20230705,9,3,18,1,2.26,1.79,DS 피치 가든,DS Peach Gardens,150,12,4,4,straight up,,FALSE
432,20230705,9,3,18,2,2.26,1.79,뮤트 시티,Mute City,150,12,11,15,straight up,,FALSE
433,20230705,9,3,18,3,2.26,1.79,빅 블루,Big Blue,mirror,10,5,20,straight up,,FALSE
434,20230705,10,3,15,1,6.36,1.19,Tour 싱가포르 스피드웨이,Tour Singapore Speedway,150,12,4,4,underdog,,TRUE
435,20230705,10,3,15,2,6.36,1.19,N64 키노피오 하이웨이,N64 Toad's Turnpike,mirror,11,3,7,underdog,,TRUE
436,20230705,10,3,15,3,6.36,1.19,Tour 도쿄 블러,Tour Tokyo Blur,150,12,1,8,underdog,,TRUE
437,20230705,11,3,12,1,6.67,1.18,Wii 코코넛 몰,Wii Coconut Mall,150,11,3,3,straight up,,FALSE
438,20230705,11,3,12,2,6.67,1.18,키노피오 하버,Toad Harbor,150,12,2,5,straight up,,FALSE
439,20230705,11,3,12,3,6.67,1.18,GC 베이비 파크,GC Baby Park,150,12,12,17,straight up,,FALSE
440,20230705,12,3,15,1,4.73,1.27,Tour 런던 루프,Tour London Loop,150,12,11,11,straight up,,FALSE
441,20230705,12,3,15,2,4.73,1.27,3DS 록 록 마운틴,3DS Rock Rock Mountain,150,11,5,16,straight up,,FALSE
442,20230705,13,3,12,1,5.98,1.20,DS 마리오 서킷,DS Mario Circuit,150,11,8,8,straight up,,FALSE
443,20230705,13,3,12,2,5.98,1.20,GBA 부끄부끄 호수,GBA Boo Lake,150,11,1,9,straight up,,FALSE
444,20230705,13,3,12,3,5.98,1.20,Tour 런던 루프,Tour London Loop,150,12,5,14,straight up,,FALSE
445,20230705,14,3,12,1,6.43,1.18,GC 셔벗 랜드,GC Sherbet Land,150,11,3,3,straight up,,FALSE
446,20230705,14,3,12,2,6.43,1.18,미끌미끌 트위스터,Ice Ice Outpost,150,12,4,7,straight up,,FALSE
447,20230705,14,3,12,3,6.43,1.18,Wii DK 스노보드 경기장,Wii DK Summit,150,12,10,17,straight up,,FALSE
448,20230705,15,1,3,1,3.08,1.48,키노피오 하버,Toad Harbor,150,12,12,12,straight up,,FALSE
449,20230705,16,1,3,1,2.41,1.71,네이처 로드,Wild Woods,150,12,2,2,underdog,,TRUE
450,20230812,1,3,18,1,2.03,1.97,미끌미끌 트위스터,Ice Ice Outpost,150,11,4,4,underdog,,TRUE
451,20230812,1,3,18,2,2.03,1.97,N64 키노피오 하이웨이,N64 Toad's Turnpike,150,11,3,7,underdog,,TRUE
452,20230812,1,3,18,3,2.03,1.97,마리오 카트 스타디움,Mario Kart Stadium,150,12,7,14,underdog,,TRUE
453,20230812,2,3,15,1,1.94,2.06,GBA 치즈 랜드,GBA Cheese Land,150,10,10,10,underdog,,FALSE
454,20230812,2,3,15,2,1.94,2.06,DS 버섯 고개,DS Shroom Ridge,150,10,1,11,underdog,,FALSE
455,20230812,2,3,15,3,1.94,2.06,GBA 스노우 랜드,GBA Snow Land,mirror,12,6,17,underdog,,FALSE
456,20230812,3,3,15,1,1.96,2.04,GC 와루이지 스타디움,GC Waluigi Stadium,150,12,10,10,underdog,,FALSE
457,20230812,3,3,15,2,1.96,2.04,Wii 엉금엉금 케이프,Wii Koopa Cape,150,11,5,15,underdog,,FALSE
458,20230812,4,3,15,1,3.18,1.46,N64 무지개 로드,N64 Rainbow Road,150,10,7,7,straight up,,FALSE
459,20230812,4,3,15,2,3.18,1.46,N64 키노피오 하이웨이,N64 Toad's Turnpike,150,11,4,11,straight up,,FALSE
460,20230812,4,3,15,3,3.18,1.46,SFC 무지개 로드,SFC Raindow Road,150,12,8,19,straight up,,FALSE
461,20230812,5,3,12,1,5.13,1.24,비눗방울 로드,Squeaky Clean Sprint,150,8,6,6,straight up,,FALSE
462,20230812,5,3,12,2,5.13,1.24,요시 아일랜드,Yoshi's Island,150,9,8,14,straight up,,FALSE
463,20230812,6,1,3,1,4.49,1.29,요시 아일랜드,Yoshi's Island,150,12,9,9,straight up,,FALSE
464,20230812,7,1,3,1,5.10,1.24,Wii 와리오 광산,Wii Wario's Gold Mine,150,11,8,8,straight up,,FALSE
465,20230812,8,1,1,1,8.09,1.14,스카이 가든,Cloudtop Cruise,150,12,3,3,straight up,,FALSE
466,20230812,9,3,12,1,5.22,1.24,마리오 서킷,Mario Circuit,150,12,11,11,straight up,,FALSE
467,20230812,10,3,12,1,9.19,1.12,Wii 코코넛 몰,Wii Coconut Mall,150,12,8,8,straight up,,FALSE
468,20230812,10,3,12,2,9.19,1.12,3DS DK 정글,3DS DK Jungle,200,12,12,20,straight up,,FALSE
469,20230822,1,3,20,1,1.90,2.11,비눗방울 로드,Squeaky Clean Sprint,150,12,5,5,straight up,,TRUE
470,20230822,1,3,20,2,1.90,2.11,Wii 코코넛 몰,Wii Coconut Mall,150,12,9,14,straight up,,TRUE
471,20230822,1,3,20,3,1.90,2.11,슈퍼 벨 메트로,Super Bell Subway,150,11,4,18,straight up,,TRUE
472,20230822,2,3,15,1,4.83,1.26,뼈다귀 사막,Bone Dry Dunes,150,12,8,8,straight up,,FALSE
473,20230822,2,3,15,2,4.83,1.26,워터 파크,Water Park,150,12,3,11,straight up,,FALSE
474,20230822,2,3,15,3,4.83,1.26,와리오 스노 마운틴,Mount Wario,150,12,5,16,straight up,,FALSE
475,20230822,3,3,10,1,11.67,1.09,3DS 무지개 로드,3DS Rainbow Road,150,12,3,3,straight up,,FALSE
476,20230822,3,3,10,2,11.67,1.09,GBA 마리오 서킷,GBA Mario Circuit,150,10,4,7,straight up,,FALSE
477,20230822,3,3,10,3,11.67,1.09,Tour 베를린 샛길,Tour Berlin Byways,150,12,4,11,straight up,,FALSE
478,20230822,4,3,10,1,6.27,1.19,비눗방울 로드,Squeaky Clean Sprint,150,12,11,11,straight up,,FALSE
479,20230822,5,3,10,1,12.14,1.09,Tour 런던 루프,Tour London Loop,150,12,9,9,straight up,,FALSE
480,20230822,6,3,10,1,12.80,1.08,스카이 가든,Cloudtop Cruise,150,11,9,9,straight up,,FALSE
481,20230822,7,3,10,1,10.28,1.11,N64 무지개 로드,N64 Rainbow Road,150,12,1,1,straight up,,FALSE
482,20230822,7,3,10,2,10.28,1.11,Wii 엉금엉금 케이프,Wii Koopa Cape,150,12,7,8,straight up,,FALSE
483,20230822,7,3,10,3,10.28,1.11,뮤트 시티,Mute City,200,12,5,13,straight up,,FALSE
484,20230822,8,3,12,1,3.47,1.40,Wii 음매음매 컨트리,Wii Moo Moo Meadows,mirror,12,3,3,straight up,,FALSE
485,20230822,8,3,12,2,3.47,1.40,Wii 엉금엉금 케이프,Wii Koopa Cape,150,12,7,10,straight up,,FALSE
486,20230822,8,3,12,3,3.47,1.40,돌핀 케이프,Dolphin Shoals,150,10,4,14,straight up,,FALSE
487,20230822,9,3,12,1,,,선샤인 공항,Sunshine Airport,150,11,11,11,straight up,,FALSE
488,20230822,10,3,12,1,6.96,1.17,GBA 선셋 황야,GBA Sunset Wilds,150,12,9,9,straight up,,FALSE
489,20230822,10,3,12,2,6.96,1.17,GBA 리버사이드 파크,GBA Riverside Park,150,12,5,14,straight up,,FALSE
490,20230822,11,1,1,1,10.04,1.11,익사이트 바이크,Excitebike Arena,200,12,7,7,straight up,,FALSE
491,20220412,1,3,15,1,7.98,1.14,Tour 닌자 도장,Tour Ninja Hideway,200,10,4,4,underdog,,TRUE
492,20220412,1,3,15,2,7.98,1.14,일렉트로 드림,Electrodrome,150,11,4,8,underdog,,TRUE
493,20220412,1,3,15,3,7.98,1.14,스카이 가든,Cloudtop Cruise,150,12,5,13,underdog,,TRUE
494,20220412,2,3,15,1,2.64,1.61,뮤트 시티,Mute City,150,11,5,5,straight up,,FALSE
495,20220412,2,3,15,2,2.64,1.61,GBA 마리오 서킷,GBA Mario Circuit,150,11,3,8,straight up,,FALSE
496,20220412,2,3,15,3,2.64,1.61,GBA 치즈 랜드,GBA Cheese Land,150,12,9,17,straight up,,FALSE
497,20220412,3,3,15,1,2.91,1.52,익사이트 바이크,Excitebike Arena,150,12,9,9,straight up,,FALSE
498,20220412,3,3,15,2,2.91,1.52,N64 키노피오 하이웨이,N64 Toad's Turnpike,150,12,5,14,straight up,,FALSE
499,20220412,3,3,15,3,2.91,1.52,마리오 카트 스타디움,Mario Kart Stadium,150,12,4,18,straight up,,FALSE
500,20220412,4,3,15,1,4.23,1.31,GC 요시 서킷,GC Yoshi's Circuit,150,11,9,9,straight up,,FALSE
501,20220412,4,3,15,2,4.23,1.31,3DS 키노피오 서킷,3DS Toad Circuit,150,12,11,20,straight up,,FALSE
502,20220412,5,3,15,1,5.56,1.22,Tour 파리 산책로,Tour Paris Promenade,150,12,7,7,straight up,,FALSE
503,20220412,5,3,15,2,5.56,1.22,하이랄 서킷,Hyrule Circuit,150,12,8,15,straight up,,FALSE
504,20220412,6,3,15,1,5.67,1.21,DS 뽀꾸뽀꾸 비치,DS Cheep Cheep Beach,150,9,4,4,straight up,,FALSE
505,20220412,6,3,15,2,5.67,1.21,3DS 키노피오 서킷,3DS Toad Circuit,150,12,11,15,straight up,,FALSE
506,20220412,7,3,15,1,5.71,1.21,GBA 리본 로드,GBA Ribbon Road,150,11,4,4,underdog,,TRUE
507,20220412,7,3,15,2,5.71,1.21,GC 베이비 파크,GC Baby Park,150,11,1,5,underdog,,TRUE
508,20220412,7,3,15,3,5.71,1.21,DS 버섯 고개,DS Shroom Ridge,150,12,9,14,underdog,,TRUE
509,20220412,8,3,15,1,6.28,1.19,쿵쿵 유적,Thwomp Ruins,150,12,10,10,straight up,,FALSE
510,20220412,8,3,15,2,6.28,1.19,스위트 캐니언,Sweet Sweet Canyon,150,12,5,15,straight up,,FALSE
511,20220412,9,3,15,1,5.97,1.20,N64 초코 마운틴,N64 Choco Mountain,150,11,8,8,straight up,,FALSE
512,20220412,9,3,15,2,5.97,1.20,N64 키노피오 하이웨이,N64 Toad's Turnpike,150,10,3,11,straight up,,FALSE
513,20220412,9,3,15,3,5.97,1.20,Tour 닌자 도장,Tour Ninja Hideway,150,12,7,18,straight up,,FALSE
514,20220412,10,3,15,1,4.61,1.28,DS 와리오 스타디움,DS Wario Stardium,150,12,4,4,straight up,,FALSE
515,20220412,10,3,15,2,4.61,1.28,3DS DK 정글,3DS DK Jungle,150,12,4,8,straight up,,FALSE
516,20220412,10,3,15,3,4.61,1.28,네이처 로드,Wild Woods,150,12,9,17,straight up,,FALSE
517,20230821,1,3,18,1,2.80,1.56,Tour 밴쿠버 벨로시티,Tour Vancouver Velocity,150,8,8,8,straight up,,FALSE
518,20230821,1,3,18,2,2.80,1.56,DS 마리오 서킷,DS Mario Circuit,150,11,9,17,straight up,,FALSE
519,20230821,1,3,18,3,2.80,1.56,빅 블루,Big Blue,150,12,2,19,straight up,,FALSE
520,20230821,2,3,18,1,2.00,2.00,DS 뽀꾸뽀꾸 비치,DS Cheep Cheep Beach,150,11,7,7,underdog,,FALSE
521,20230821,2,3,18,2,2.00,2.00,DS 똑딱시계 코스,DS Tick Tock Clock,150,12,11,18,underdog,,FALSE
522,20230821,3,3,20,1,2.03,1.97,GBA 리본 로드,GBA Ribbon Road,150,12,7,7,straight up,,FALSE
523,20230821,3,3,20,2,2.03,1.97,3DS 록 록 마운틴,3DS Rock Rock Mountain,150,12,8,15,straight up,,FALSE
524,20230821,3,3,20,3,2.03,1.97,Tour 런던 루프,Tour London Loop,150,12,10,25,straight up,,FALSE
525,20230821,4,3,20,1,2.21,1.83,Wii 버섯 캐니언,Wii Mushroom Gorge,150,11,7,7,straight up,,FALSE
526,20230821,4,3,20,2,2.21,1.83,3DS 키노피오 서킷,3DS Toad Circuit,150,10,10,17,straight up,,FALSE
527,20230821,4,3,20,3,2.21,1.83,와리오 스노 마운틴,Mount Wario,150,9,6,23,straight up,,FALSE
528,20230821,5,3,20,1,2.60,1.62,3DS 록 록 마운틴,3DS Rock Rock Mountain,150,11,4,4,underdog,,TRUE
529,20230821,5,3,20,2,2.60,1.62,Wii 버섯 캐니언,Wii Mushroom Gorge,150,9,5,9,underdog,,TRUE
530,20230821,6,3,20,1,2.70,1.59,Tour 로스앤젤레스 랩,Tour Los Angeles Laps,150,9,8,8,straight up,,FALSE
531,20230821,6,3,20,2,2.70,1.59,키노피오 하버,Toad Harbor,150,9,8,16,straight up,,FALSE
532,20230821,6,3,20,3,2.70,1.59,DS 똑딱시계 코스,DS Tick Tock Clock,150,8,6,22,straight up,,FALSE
533,20230821,7,3,15,1,4.07,1.33,GC 바싹바싹 사막,GC Dry Dry Desert,150,9,8,8,straight up,,FALSE
534,20230821,7,3,15,2,4.07,1.33,마리오 카트 스타디움,Mario Kart Stadium,150,9,3,11,straight up,,FALSE
535,20230821,7,3,15,3,4.07,1.33,Tour 아테네 폴리스,Tour Athens Dash,150,12,9,20,straight up,,FALSE
536,20230821,8,3,15,1,6.29,1.19,무지개 로드,Rainbow Road,150,12,12,12,straight up,,FALSE
537,20230821,8,3,15,2,6.29,1.19,GBA 리버사이드 파크,GBA Riverside Park,150,11,7,19,straight up,,FALSE
538,20230821,9,3,15,1,7.79,1.15,무지개 로드,Rainbow Road,150,12,1,1,underdog,,TRUE
539,20230821,9,3,15,2,7.79,1.15,쿵쿵 유적,Thwomp Ruins,150,12,8,9,underdog,,TRUE
540,20230821,9,3,15,3,7.79,1.15,와리오 스노 마운틴,Mount Wario,150,9,6,15,underdog,,TRUE
541,20230821,10,1,3,1,3.17,1.46,3DS 무지개 로드,3DS Rainbow Road,150,8,7,7,straight up,,FALSE
542,20230921,1,3,20,1,1.85,2.18,Tour 도쿄 블러,Tour Tokyo Blur,150,12,9,9,underdog,,FALSE
543,20230921,1,3,20,2,1.85,2.18,빅 블루,Big Blue,200,11,9,18,underdog,,FALSE
544,20230921,1,3,20,3,1.85,2.18,GC 요시 서킷,GC Yoshi's Circuit,150,12,9,27,underdog,,FALSE
545,20230921,2,3,20,1,2.37,1.73,선샤인 공항,Sunshine Airport,150,12,10,10,straight up,,FALSE
546,20230921,2,3,20,2,2.37,1.73,N64 바싹바싹 사막,N64 Kalimari Desert,150,12,11,21,straight up,,FALSE
547,20230921,3,3,15,1,8.36,1.14,하이랄 서킷,Hyrule Circuit,150,12,4,4,straight up,,FALSE
548,20230921,3,3,15,2,8.36,1.14,GC 바싹바싹 사막,GC Dry Dry Desert,150,11,7,11,straight up,,FALSE
549,20230921,3,3,15,3,8.36,1.14,드래곤 드리프트 로드,Dragon Driftway,150,12,8,19,straight up,,FALSE
550,20230921,4,3,15,1,4.41,1.29,3DS 키노피오 서킷,3DS Toad Circuit,150,11,6,6,straight up,,FALSE
551,20230921,4,3,15,2,4.41,1.29,Tour 싱가포르 스피드웨이,Tour Singapore Speedway,150,12,11,17,straight up,,FALSE
552,20231023,1,3,20,1,1.75,2.32,DS 와리오 스타디움,DS Wario Stardium,150,7,5,5,underdog,,FALSE
553,20231023,1,3,20,2,1.75,2.32,GBA 스카이 가든,GBA Sky Garden,150,12,6,11,underdog,,FALSE
554,20231023,1,3,20,3,1.75,2.32,선샤인 공항,Sunshine Airport,150,10,10,21,underdog,,FALSE
555,20231023,2,3,20,1,2.42,1.70,마리오 카트 스타디움,Mario Kart Stadium,150,12,9,9,straight up,,FALSE
556,20231023,2,3,20,2,2.42,1.70,3DS 네오 쿠파 시티,3DS Neo Bowser City,150,10,10,19,straight up,,FALSE
557,20231023,2,3,20,3,2.42,1.70,뼈다귀 사막,Bone Dry Dunes,150,12,12,31,straight up,,FALSE
558,20231023,3,3,22,1,1.60,2.45,GBA 스노우 랜드,GBA Snow Land,150,12,10,10,underdog,,FALSE
559,20231023,3,3,22,2,1.60,2.45,뮤트 시티,Mute City,150,12,8,18,underdog,,FALSE
560,20231023,3,3,22,3,1.60,2.45,Tour 런던 루프,Tour London Loop,200,11,8,26,underdog,,FALSE
561,20231023,4,3,25,1,1.38,3.85,Tour 도쿄 블러,Tour Tokyo Blur,150,10,5,5,straight up,,TRUE
562,20231023,4,3,25,2,1.38,3.85,3DS 네오 쿠파 시티,3DS Neo Bowser City,150,12,4,9,straight up,,TRUE
563,20231023,5,3,15,1,10.09,1.11,Tour 도쿄 블러,Tour Tokyo Blur,150,10,5,5,straight up,,FALSE
564,20231023,5,3,15,2,10.09,1.11,헤이호 광산,Shy Guy Falls,mirror,12,11,16,straight up,,FALSE
565,20231023,6,3,20,1,2.85,1.54,뮤트 시티,Mute City,150,9,2,2,underdog,,TRUE
566,20231023,6,3,20,2,2.85,1.54,무지개 로드,Rainbow Road,150,12,10,12,underdog,,TRUE
567,20231023,6,3,20,3,2.85,1.54,GBA 마리오 서킷,GBA Mario Circuit,150,11,8,20,underdog,,TRUE
568,20231023,7,3,18,1,2.82,1.55,동물의 숲,Animal Crossing,150,12,9,9,straight up,,FALSE
569,20231023,7,3,18,2,2.82,1.55,마리오 서킷,Mario Circuit,150,10,9,18,straight up,,FALSE
570,20231023,8,3,20,1,2.76,1.57,동물의 숲,Animal Crossing,150,12,8,8,straight up,,TRUE
571,20231023,8,3,20,2,2.76,1.57,워터 파크,Water Park,150,10,9,17,straight up,,TRUE
572,20231023,8,3,20,3,2.76,1.57,GC 바싹바싹 사막,GC Dry Dry Desert,150,11,3,20,straight up,,TRUE
573,20231023,9,3,10,1,15.34,1.07,GBA 치즈 랜드,GBA Cheese Land,150,12,9,9,straight up,,FALSE
574,20231023,10,3,10,1,37.01,1.03,DS 마리오 서킷,DS Mario Circuit,150,10,2,2,straight up,,FALSE
575,20231023,10,3,10,2,37.01,1.03,선샤인 공항,Sunshine Airport,150,12,4,6,straight up,,FALSE
576,20231023,10,3,10,3,37.01,1.03,GC 와루이지 스타디움,GC Waluigi Stadium,150,11,9,15,straight up,,FALSE
577,20231023,11,1,3,1,7.63,1.15,GBA 치즈 랜드,GBA Cheese Land,200,12,9,9,straight up,,FALSE
578,20231023,12,1,3,1,3.80,1.36,Tour 도쿄 블러,Tour Tokyo Blur,150,12,1,1,underdog,,TRUE
579,20231023,13,1,1,1,19.15,1.06,DS 와루이지 핀볼,DS Walluigi Pinball,150,12,12,12,straight up,,FALSE
580,20231205,1,3,18,1,3.37,1.42,하이랄 서킷,Hyrule Circuit,150,12,7,7,straight up,,FALSE
581,20231205,1,3,18,2,3.37,1.42,N64 피치 서킷,N64 Royal Raceway,150,12,7,14,straight up,,FALSE
582,20231205,1,3,18,3,3.37,1.42,워터 파크,Water Park,150,11,5,19,straight up,,FALSE
583,20231205,2,3,18,1,3.11,1.47,Tour 마드리드 그란데,Tour Madrid Drive,150,12,3,3,underdog,,TRUE
584,20231205,2,3,18,2,3.11,1.47,뼈다귀 사막,Bone Dry Dunes,150,12,12,15,underdog,,TRUE
585,20231205,2,3,18,3,3.11,1.47,무지개 로드,Rainbow Road,150,12,3,18,underdog,,TRUE
586,20231205,3,3,15,1,5.71,1.21,GC 베이비 파크,GC Baby Park,mirror,12,2,2,straight up,,FALSE
587,20231205,3,3,15,2,5.71,1.21,익사이트 바이크,Excitebike Arena,150,12,8,10,straight up,,FALSE
588,20231205,3,3,15,3,5.71,1.21,키노피오 하버,Toad Harbor,150,11,7,17,straight up,,FALSE
589,20231205,4,3,15,1,5.33,1.23,Tour 파리 산책로,Tour Paris Promenade,150,12,5,5,straight up,,FALSE
590,20231205,4,3,15,2,5.33,1.23,GBA 치즈 랜드,GBA Cheese Land,150,12,12,17,straight up,,FALSE
591,20231205,5,3,15,1,5.99,1.20,빅 블루,Big Blue,150,11,9,9,straight up,,FALSE
592,20231205,5,3,15,2,5.99,1.20,Tour 로마 아반티,Tour Rome Avanti,150,12,9,18,straight up,,FALSE
593,20231205,6,3,18,1,4.83,1.26,Wii 무지개 로드,Wii Rainbow Road,150,12,5,5,straight up,,FALSE
594,20231205,6,3,18,2,4.83,1.26,키노피오 하버,Toad Harbor,150,12,5,10,straight up,,FALSE
595,20231205,6,3,18,3,4.83,1.26,Wii 이글이글 화산,Wii Grumble Volcano,150,12,10,20,straight up,,FALSE
596,20231205,7,3,18,1,2.66,1.60,3DS 뮤직 파크,3DS Music Park,150,11,2,2,straight up,,FALSE
597,20231205,7,3,18,2,2.66,1.60,DS 와루이지 핀볼,DS Walluigi Pinball,150,12,10,12,straight up,,FALSE
598,20231205,7,3,18,3,2.66,1.60,슈퍼 벨 메트로,Super Bell Subway,150,11,9,21,straight up,,FALSE
599,20231205,8,3,18,1,4.06,1.33,GC 요시 서킷,GC Yoshi's Circuit,150,12,8,8,straight up,,FALSE
600,20231205,8,3,18,2,4.06,1.33,SFC 무지개 로드,SFC Raindow Road,150,12,11,19,straight up,,FALSE
601,20231205,9,3,18,1,3.79,1.36,GBA 리버사이드 파크,GBA Riverside Park,150,12,4,4,underdog,,TRUE
602,20231205,9,3,18,2,3.79,1.36,GC 베이비 파크,GC Baby Park,150,12,1,5,underdog,,TRUE
603,20231205,10,3,10,1,16.10,1.07,SFC 쿠파 성 3,SFC Bowser Castle 3,150,12,9,9,straight up,,FALSE
604,20231205,11,3,10,1,20.01,1.05,Tour 뉴욕 미닛,Tour New York Minute,150,11,2,2,straight up,,FALSE
605,20231205,11,3,10,2,20.01,1.05,DS 버섯 고개,DS Shroom Ridge,150,12,9,11,straight up,,FALSE
606,20231205,12,3,12,1,11.42,1.10,GC DK 마운틴,GC DK Mountain,150,12,12,12,straight up,,FALSE
607,20231205,13,1,3,1,5.75,1.21,GBA 마리오 서킷,GBA Mario Circuit,150,12,5,5,straight up,,FALSE
608,20231205,14,3,10,1,12..20,1.09,GC 베이비 파크,GC Baby Park,150,12,7,7,straight up,,FALSE
609,20231205,14,3,10,2,12..20,1.09,쿠파 성,Bowser's Castle,150,12,12,19,straight up,,FALSE
610,20231205,15,3,15,1,3.27,1.42,DS 뽀꾸뽀꾸 비치,DS Cheep Cheep Beach,150,10,8,8,straight up,,FALSE
611,20231205,15,3,15,2,3.27,1.42,Wii 단풍나무 로드,Wii Maple Treeway,150,12,6,14,straight up,,FALSE
612,20231205,15,3,15,3,3.27,1.42,드래곤 드리프트 로드,Dragon Driftway,150,11,4,18,straight up,,FALSE
613,20231205,16,3,12,1,7.93,1.14,SFC 쿠파 성 3,SFC Bowser Castle 3,150,12,3,3,straight up,,FALSE
614,20231205,16,3,12,2,7.93,1.14,마리오 서킷,Mario Circuit,150,12,10,13,straight up,,FALSE
615,20231205,17,3,12,1,6.01,1.20,무지개 로드,Rainbow Road,150,11,10,10,straight up,,FALSE
616,20231205,18,1,1,1,44.75,1.02,GBA 리본 로드,GBA Ribbon Road,150,12,2,2,straight up,,FALSE
617,20231205,19,3,19,1,6.84,1.17,GBA 스카이 가든,GBA Sky Garden,150,12,5,5,straight up,,FALSE
618,20231205,19,3,19,2,6.84,1.17,DS 똑딱시계 코스,DS Tick Tock Clock,150,11,9,14,straight up,,FALSE
619,20231205,20,1,1,1,17.32,1.06,GC 와루이지 스타디움,GC Waluigi Stadium,150,11,10,10,straight up,,FALSE
620,20231205,21,1,3,1,6.03,1.20,Wii 무지개 로드,Wii Rainbow Road,150,12,2,2,underdog,,TRUE
621,20231205,22,1,3,1,2.88,1.53,키노피오 하버,Toad Harbor,150,9,5,5,straight up,,FALSE
622,20231205,23,1,3,1,1.82,2.23,GC 베이비 파크,GC Baby Park,150,12,1,1,straight up,,TRUE
623,20231222,1,3,18,1,2.36,1.73,스위트 캐니언,Sweet Sweet Canyon,150,11,6,6,straight up,,FALSE
624,20231222,1,3,18,2,2.36,1.73,네이처 로드,Wild Woods,150,12,12,18,straight up,,FALSE
625,20231222,2,3,18,1,3.50,1.40,Wii 무지개 로드,Wii Rainbow Road,150,12,7,7,straight up,,FALSE
626,20231222,2,3,18,2,3.50,1.40,GC 요시 서킷,GC Yoshi's Circuit,150,11,7,14,straight up,,FALSE
627,20231222,2,3,18,3,3.50,1.40,하이랄 서킷,Hyrule Circuit,150,12,7,21,straight up,,FALSE
628,20231222,3,3,10,1,7.16,1.16,DS 마리오 서킷,DS Mario Circuit,150,11,9,9,straight up,,FALSE
629,20231222,4,3,10,1,8.24,1.14,Wii 이글이글 화산,Wii Grumble Volcano,150,12,12,12,straight up,,FALSE
630,20231222,5,3,18,1,1.87,2.15,GC 요시 서킷,GC Yoshi's Circuit,150,8,6,6,underdog,,FALSE
631,20231222,5,3,18,2,1.87,2.15,DS 와루이지 핀볼,DS Walluigi Pinball,150,9,6,12,underdog,,FALSE
632,20231222,5,3,18,3,1.87,2.15,마리오 서킷,Mario Circuit,150,10,10,22,underdog,,FALSE
